기간,district,dong,totalbanks,koreabank,woori,sc,kb,sinhan,city,keb,zibang,ibk,nh,soohyub,kdb,export,foreign
2015,종로구,소계,138,-,25,6,23,19,1,23,-,9,16,1,2,-,13
2015,종로구,사직동,23,-,2,-,2,2,1,5,-,1,5,-,1,-,4
2015,종로구,삼청동,6,-,2,-,-,1,-,1,-,-,2,-,-,-,-
2015,종로구,부암동,2,-,1,-,1,-,-,-,-,-,-,-,-,-,-
2015,종로구,평창동,5,-,1,-,1,1,-,2,-,-,-,-,-,-,-
2015,종로구,무악동,1,-,-,-,-,-,-,-,-,1,-,-,-,-,-
2015,종로구,교남동,2,-,1,-,1,-,-,-,-,-,-,-,-,-,-
2015,종로구,가회동,3,-,-,-,-,2,-,1,-,-,-,-,-,-,-
2015,종로구,종로1.2.3.4가동,60,-,10,5,12,5,-,8,-,4,6,-,1,-,9
2015,종로구,종로5·6가동,11,-,2,-,2,2,-,3,-,1,-,1,-,-,-
2015,종로구,이화동,6,-,-,-,1,2,-,-,-,1,2,-,-,-,-
2015,종로구,창신1동,5,-,1,1,1,1,-,-,-,1,-,-,-,-,-
2015,종로구,창신2동,1,-,1,-,-,-,-,-,-,-,-,-,-,-,-
2015,종로구,숭인1동,1,-,-,-,-,-,-,1,-,-,-,-,-,-,-
2015,종로구,숭인2동,4,-,1,-,-,1,-,1,-,-,1,-,-,-,-
2015,종로구,청운효자동,3,-,1,-,1,1,-,-,-,-,-,-,-,-,-
2015,종로구,혜화동,5,-,2,-,1,1,-,1,-,-,-,-,-,-,-
2015,중구,소계,209,1,37,8,26,31,4,29,7,18,14,6,2,-,26
2015,중구,소공동,38,1,3,3,3,8,-,6,1,1,4,-,1,-,7
2015,중구,회현동,24,-,7,1,4,1,-,3,-,2,3,-,-,-,3
2015,중구,명동,81,-,9,3,8,11,4,11,6,7,3,3,-,-,16
2015,중구,필동,6,-,2,-,-,2,-,1,-,-,1,-,-,-,-
2015,중구,장충동,6,-,2,-,1,2,-,1,-,-,-,-,-,-,-
2015,중구,광희동,17,-,5,-,3,1,-,3,-,3,1,1,-,-,-
2015,중구,을지로동,11,-,3,1,2,2,-,1,-,1,1,-,-,-,-
2015,중구,신당5동,2,-,-,-,-,-,-,1,-,-,1,-,-,-,-
2015,중구,황학동,5,-,1,-,1,1,-,-,-,2,-,-,-,-,-
2015,중구,중림동,2,-,2,-,-,-,-,-,-,-,-,-,-,-,-
2015,중구,신당동,7,-,1,-,2,1,-,-,-,-,-,2,1,-,-
2015,중구,다산동,4,-,1,-,2,-,-,1,-,-,-,-,-,-,-
2015,중구,약수동,3,-,1,-,-,1,-,-,-,1,-,-,-,-,-
2015,중구,청구동,1,-,-,-,-,-,-,1,-,-,-,-,-,-,-
2015,중구,동화동,2,-,-,-,-,1,-,-,-,1,-,-,-,-,-
2015,용산구,소계,86,-,16,4,12,13,2,17,-,11,10,-,1,-,-
2015,용산구,후암동,2,-,1,1,-,-,-,-,-,-,-,-,-,-,-
2015,용산구,용산2가동,2,-,1,-,-,-,-,-,-,-,1,-,-,-,-
2015,용산구,남영동,7,-,1,-,1,-,-,2,-,2,1,-,-,-,-
2015,용산구,원효로2동,5,-,1,1,1,1,-,-,-,1,-,-,-,-,-
2015,용산구,효창동,1,-,-,-,1,-,-,-,-,-,-,-,-,-,-
2015,용산구,이촌1동,14,-,1,1,2,3,1,3,-,1,1,-,1,-,-
2015,용산구,이촌2동,2,-,1,-,1,-,-,-,-,-,-,-,-,-,-
2015,용산구,이태원1동,7,-,-,-,1,2,-,2,-,2,-,-,-,-,-
2015,용산구,이태원2동,3,-,-,-,-,1,-,-,-,1,1,-,-,-,-
2015,용산구,서빙고동,2,-,1,-,-,-,-,1,-,-,-,-,-,-,-
2015,용산구,보광동,2,-,-,-,-,-,-,-,-,1,1,-,-,-,-
2015,용산구,청파동,5,-,2,-,1,1,-,1,-,-,-,-,-,-,-
2015,용산구,원효로1동,3,-,1,-,-,1,-,-,-,-,1,-,-,-,-
2015,용산구,한강로동,19,-,4,1,3,3,-,4,-,1,3,-,-,-,-
2015,용산구,한남동,12,-,2,-,1,1,1,4,-,2,1,-,-,-,-
2015,성동구,소계,59,-,9,4,13,9,2,10,-,6,4,1,1,-,-
2015,성동구,왕십리2동,1,-,-,-,1,-,-,-,-,-,-,-,-,-,-
2015,성동구,마장동,5,-,1,2,1,-,-,-,-,1,-,-,-,-,-
2015,성동구,사근동,5,-,-,-,2,2,-,1,-,-,-,-,-,-,-
2015,성동구,행당1동,5,-,2,-,1,-,-,1,-,-,1,-,-,-,-
2015,성동구,행당2동,3,-,-,-,-,1,1,1,-,-,-,-,-,-,-
2015,성동구,응봉동,1,-,-,-,-,-,-,1,-,-,-,-,-,-,-
2015,성동구,금호1가동,1,-,-,-,-,1,-,-,-,-,-,-,-,-,-
2015,성동구,금호4가동,3,-,1,1,1,-,-,-,-,-,-,-,-,-,-
2015,성동구,성수1가1동,2,-,1,-,-,-,-,1,-,-,-,-,-,-,-
2015,성동구,성수1가2동,5,-,1,-,1,1,-,-,-,1,-,1,-,-,-
2015,성동구,성수2가1동,3,-,-,-,1,-,-,-,-,1,1,-,-,-,-
2015,성동구,성수2가3동,14,-,2,1,2,2,1,2,-,2,1,-,1,-,-
2015,성동구,용답동,3,-,1,-,1,-,-,-,-,1,-,-,-,-,-
2015,성동구,왕십리도선동,3,-,-,-,-,1,-,2,-,-,-,-,-,-,-
2015,성동구,금호2.3가동,2,-,-,-,-,1,-,-,-,-,1,-,-,-,-
2015,성동구,옥수동,3,-,-,-,2,-,-,1,-,-,-,-,-,-,-
2015,광진구,소계,62,-,12,4,14,9,1,14,1,5,2,-,-,-,-
2015,광진구,화양동,9,-,-,-,2,2,-,3,-,1,1,-,-,-,-
2015,광진구,군자동,4,-,2,-,1,-,-,1,-,-,-,-,-,-,-
2015,광진구,중곡1동,4,-,1,1,1,-,-,-,-,1,-,-,-,-,-
2015,광진구,중곡2동,4,-,-,-,1,1,-,1,-,1,-,-,-,-,-
2015,광진구,중곡3동,1,-,-,-,-,-,-,1,-,-,-,-,-,-,-
2015,광진구,중곡4동,2,-,1,-,-,-,-,1,-,-,-,-,-,-,-
2015,광진구,구의1동,4,-,-,1,-,-,-,1,-,1,1,-,-,-,-
2015,광진구,구의2동,3,-,1,-,1,-,-,1,-,-,-,-,-,-,-
2015,광진구,구의3동,8,-,1,1,3,1,1,1,-,-,-,-,-,-,-
2015,광진구,광장동,9,-,2,-,1,2,-,3,-,1,-,-,-,-,-
2015,광진구,자양1동,4,-,2,-,-,1,-,-,1,-,-,-,-,-,-
2015,광진구,자양2동,2,-,-,-,1,1,-,-,-,-,-,-,-,-,-
2015,광진구,자양3동,6,-,1,1,2,1,-,1,-,-,-,-,-,-,-
2015,광진구,자양4동,2,-,1,-,1,-,-,-,-,-,-,-,-,-,-
2015,동대문구,소계,69,-,14,4,11,7,1,13,1,7,8,3,-,-,-
2015,동대문구,회기동,6,-,2,-,1,-,-,3,-,-,-,-,-,-,-
2015,동대문구,휘경1동,2,-,-,-,1,-,-,-,-,1,-,-,-,-,-
2015,동대문구,휘경2동,2,-,1,-,-,-,-,1,-,-,-,-,-,-,-
2015,동대문구,청량리동,6,-,1,1,-,-,-,2,-,1,1,-,-,-,-
2015,동대문구,용신동,11,-,1,1,1,-,1,1,1,2,2,1,-,-,-
2015,동대문구,제기동,9,-,1,-,3,1,-,1,-,1,1,1,-,-,-
2015,동대문구,전농1동,3,-,1,-,1,1,-,-,-,-,-,-,-,-,-
2015,동대문구,전농2동,4,-,1,-,-,1,-,1,-,-,1,-,-,-,-
2015,동대문구,답십리1동,8,-,1,1,1,2,-,1,-,1,1,-,-,-,-
2015,동대문구,답십리2동,1,-,-,-,-,-,-,1,-,-,-,-,-,-,-
2015,동대문구,장안1동,11,-,2,1,2,1,-,2,-,1,1,1,-,-,-
2015,동대문구,장안2동,3,-,1,-,1,1,-,-,-,-,-,-,-,-,-
2015,동대문구,이문1동,3,-,2,-,-,-,-,-,-,-,1,-,-,-,-
2015,중랑구,소계,36,-,8,1,9,6,-,6,-,2,2,2,-,-,-
2015,중랑구,면목2동,1,-,-,-,-,-,-,-,-,-,-,1,-,-,-
2015,중랑구,면목5동,2,-,-,-,1,-,-,1,-,-,-,-,-,-,-
2015,중랑구,면목7동,2,-,1,-,1,-,-,-,-,-,-,-,-,-,-
2015,중랑구,상봉1동,1,-,-,-,-,-,-,1,-,-,-,-,-,-,-
2015,중랑구,상봉2동,4,-,1,1,1,1,-,-,-,-,-,-,-,-,-
2015,중랑구,중화1동,1,-,-,-,-,1,-,-,-,-,-,-,-,-,-
2015,중랑구,중화2동,4,-,1,-,1,-,-,-,-,-,1,1,-,-,-
2015,중랑구,묵1동,4,-,1,-,-,1,-,2,-,-,-,-,-,-,-
2015,중랑구,묵2동,2,-,-,-,1,-,-,-,-,1,-,-,-,-,-
2015,중랑구,망우3동,1,-,1,-,-,-,-,-,-,-,-,-,-,-,-
2015,중랑구,신내1동,2,-,1,-,1,-,-,-,-,-,-,-,-,-,-
2015,중랑구,신내2동,3,-,1,-,1,1,-,-,-,-,-,-,-,-,-
2015,중랑구,면목본동,3,-,-,-,-,-,-,1,-,1,1,-,-,-,-
2015,중랑구,면목3.8동,1,-,-,-,-,1,-,-,-,-,-,-,-,-,-
2015,중랑구,망우본동,5,-,1,-,2,1,-,1,-,-,-,-,-,-,-
2015,성북구,소계,73,-,15,5,13,11,1,16,1,5,5,1,-,-,-
2015,성북구,돈암2동,4,-,1,-,-,2,-,1,-,-,-,-,-,-,-
2015,성북구,안암동,7,-,1,-,1,-,-,4,-,1,-,-,-,-,-
2015,성북구,보문동,4,-,1,-,1,1,-,-,-,-,1,-,-,-,-
2015,성북구,정릉2동,4,-,-,-,1,1,-,1,-,-,1,-,-,-,-
2015,성북구,정릉3동,1,-,1,-,-,-,-,-,-,-,-,-,-,-,-
2015,성북구,정릉4동,4,-,1,-,1,1,-,1,-,-,-,-,-,-,-
2015,성북구,길음1동,7,-,1,1,1,2,-,1,-,-,1,-,-,-,-
2015,성북구,길음2동,3,-,-,1,-,-,1,-,1,-,-,-,-,-,-
2015,성북구,월곡1동,6,-,2,1,1,1,-,1,-,-,-,-,-,-,-
2015,성북구,월곡2동,5,-,1,-,1,1,-,1,-,-,1,-,-,-,-
2015,성북구,장위1동,1,-,1,-,-,-,-,-,-,-,-,-,-,-,-
2015,성북구,장위2동,3,-,-,-,1,-,-,1,-,1,-,-,-,-,-
2015,성북구,성북동,4,-,-,-,-,1,-,1,-,-,1,1,-,-,-
2015,성북구,삼선동,9,-,3,1,1,1,-,2,-,1,-,-,-,-,-
2015,성북구,동선동,3,-,-,-,1,-,-,1,-,1,-,-,-,-,-
2015,성북구,종암동,3,-,-,-,2,-,-,-,-,1,-,-,-,-,-
2015,성북구,석관동,5,-,2,1,1,-,-,1,-,-,-,-,-,-,-
2015,강북구,소계,36,-,5,2,8,4,-,8,-,4,3,2,-,-,-
2015,강북구,번1동,4,-,-,1,1,1,-,1,-,-,-,-,-,-,-
2015,강북구,번3동,1,-,-,-,-,-,-,1,-,-,-,-,-,-,-
2015,강북구,수유1동,3,-,-,-,2,-,-,-,-,-,1,-,-,-,-
2015,강북구,수유2동,2,-,1,-,-,-,-,1,-,-,-,-,-,-,-
2015,강북구,수유3동,8,-,2,-,1,1,-,1,-,1,1,1,-,-,-
2015,강북구,삼양동,2,-,-,-,1,-,-,-,-,1,-,-,-,-,-
2015,강북구,미아동,2,-,1,-,-,-,-,-,-,-,-,1,-,-,-
2015,강북구,송중동,2,-,-,-,1,-,-,1,-,-,-,-,-,-,-
2015,강북구,송천동,6,-,1,-,1,1,-,1,-,1,1,-,-,-,-
2015,강북구,삼각산동,4,-,-,-,1,1,-,2,-,-,-,-,-,-,-
2015,강북구,우이동,1,-,-,-,-,-,-,-,-,1,-,-,-,-,-
2015,강북구,인수동,1,-,-,1,-,-,-,-,-,-,-,-,-,-,-
2015,도봉구,소계,36,-,6,1,8,8,-,6,-,2,4,1,-,-,-
2015,도봉구,쌍문1동,2,-,-,-,-,-,-,2,-,-,-,-,-,-,-
2015,도봉구,쌍문2동,1,-,-,-,1,-,-,-,-,-,-,-,-,-,-
2015,도봉구,쌍문3동,2,-,-,-,-,-,-,-,-,-,1,1,-,-,-
2015,도봉구,쌍문4동,2,-,-,-,1,1,-,-,-,-,-,-,-,-,-
2015,도봉구,방학1동,7,-,2,-,1,2,-,-,-,1,1,-,-,-,-
2015,도봉구,방학3동,3,-,1,-,1,-,-,1,-,-,-,-,-,-,-
2015,도봉구,창1동,4,-,1,-,1,1,-,-,-,1,-,-,-,-,-
2015,도봉구,창2동,1,-,-,-,-,-,-,1,-,-,-,-,-,-,-
2015,도봉구,창4동,4,-,1,-,1,1,-,-,-,-,1,-,-,-,-
2015,도봉구,창5동,5,-,1,-,1,1,-,2,-,-,-,-,-,-,-
2015,도봉구,도봉1동,2,-,-,1,1,-,-,-,-,-,-,-,-,-,-
2015,도봉구,도봉2동,3,-,-,-,-,2,-,-,-,-,1,-,-,-,-
2015,노원구,소계,67,-,14,1,14,9,2,9,1,7,7,1,2,-,-
2015,노원구,월계1동,2,-,-,-,1,-,-,1,-,-,-,-,-,-,-
2015,노원구,월계2동,1,-,1,-,-,-,-,-,-,-,-,-,-,-,-
2015,노원구,월계3동,3,-,-,-,1,1,-,1,-,-,-,-,-,-,-
2015,노원구,공릉2동,8,-,2,-,2,-,-,1,-,1,2,-,-,-,-
2015,노원구,하계1동,3,-,1,-,-,1,-,1,-,-,-,-,-,-,-
2015,노원구,하계2동,1,-,-,-,-,1,-,-,-,-,-,-,-,-,-
2015,노원구,중계본동,2,-,-,-,-,1,-,-,-,1,-,-,-,-,-
2015,노원구,중계1동,4,-,1,-,1,-,-,1,-,-,-,-,1,-,-
2015,노원구,중계4동,3,-,1,-,1,-,-,-,-,1,-,-,-,-,-
2015,노원구,상계1동,2,-,-,-,1,1,-,-,-,-,-,-,-,-,-
2015,노원구,상계2동,2,-,-,-,1,-,-,-,-,1,-,-,-,-,-
2015,노원구,상계5동,1,-,-,-,-,-,-,-,-,-,1,-,-,-,-
2015,노원구,상계8동,4,-,1,-,-,1,-,-,-,1,1,-,-,-,-
2015,노원구,상계9동,4,-,-,1,1,1,-,1,-,-,-,-,-,-,-
2015,노원구,상계10동,1,-,-,-,-,-,1,-,-,-,-,-,-,-,-
2015,노원구,상계3.4동,2,-,1,-,-,-,-,-,-,1,-,-,-,-,-
2015,노원구,상계6.7동,15,-,4,-,2,1,1,3,1,-,2,-,1,-,-
2015,노원구,중계2.3동,2,-,1,-,1,-,-,-,-,-,-,-,-,-,-
2015,노원구,공릉1동,7,-,1,-,2,1,-,-,-,1,1,1,-,-,-
2015,은평구,소계,46,-,7,2,9,9,1,7,-,4,4,3,-,-,-
2015,은평구,녹번동,2,-,1,-,-,-,-,-,-,-,-,1,-,-,-
2015,은평구,불광1동,6,-,-,-,2,1,1,1,-,-,1,-,-,-,-
2015,은평구,갈현1동,3,-,-,-,1,1,-,1,-,-,-,-,-,-,-
2015,은평구,갈현2동,3,-,-,-,1,1,-,-,-,-,-,1,-,-,-
2015,은평구,대조동,5,-,2,1,-,1,-,-,-,1,-,-,-,-,-
2015,은평구,응암1동,7,-,1,1,1,1,-,1,-,1,1,-,-,-,-
2015,은평구,신사1동,2,-,-,-,-,-,-,1,-,1,-,-,-,-,-
2015,은평구,수색동,3,-,-,-,1,1,-,-,-,1,-,-,-,-,-
2015,은평구,진관동,6,-,1,-,1,2,-,1,-,-,1,-,-,-,-
2015,은평구,불광2동,1,-,-,-,-,-,-,-,-,-,1,-,-,-,-
2015,은평구,응암3동,4,-,1,-,1,-,-,1,-,-,-,1,-,-,-
2015,은평구,역촌동,4,-,1,-,1,1,-,1,-,-,-,-,-,-,-
2015,서대문구,소계,59,-,13,3,9,9,-,13,-,7,4,-,1,-,-
2015,서대문구,천연동,1,-,1,-,-,-,-,-,-,-,-,-,-,-,-
2015,서대문구,홍제1동,3,-,1,-,-,1,-,1,-,-,-,-,-,-,-
2015,서대문구,홍제3동,3,-,1,-,1,-,-,1,-,-,-,-,-,-,-
2015,서대문구,홍제2동,1,-,-,-,-,-,-,-,-,1,-,-,-,-,-
2015,서대문구,홍은1동,1,-,1,-,-,-,-,-,-,-,-,-,-,-,-
2015,서대문구,홍은2동,4,-,-,-,-,-,-,2,-,2,-,-,-,-,-
2015,서대문구,남가좌1동,3,-,-,-,1,-,-,1,-,-,1,-,-,-,-
2015,서대문구,남가좌2동,4,-,1,1,1,-,-,1,-,-,-,-,-,-,-
2015,서대문구,북가좌1동,2,-,-,-,1,1,-,-,-,-,-,-,-,-,-
2015,서대문구,북가좌2동,4,-,1,-,-,-,-,2,-,1,-,-,-,-,-
2015,서대문구,충현동,8,-,1,-,2,2,-,1,-,-,1,-,1,-,-
2015,서대문구,북아현동,2,-,1,-,-,-,-,-,-,1,-,-,-,-,-
2015,서대문구,신촌동,14,-,3,1,2,4,-,2,-,1,1,-,-,-,-
2015,서대문구,연희동,9,-,2,1,1,1,-,2,-,1,1,-,-,-,-
2015,마포구,소계,101,-,16,5,14,15,2,22,1,13,8,4,1,-,-
2015,마포구,용강동,11,-,1,1,1,1,1,3,-,1,1,1,-,-,-
2015,마포구,대흥동,5,-,3,-,-,1,-,1,-,-,-,-,-,-,-
2015,마포구,염리동,1,-,-,-,-,-,-,-,-,1,-,-,-,-,-
2015,마포구,신수동,1,-,-,-,1,-,-,-,-,-,-,-,-,-,-
2015,마포구,서교동,22,-,3,2,2,4,1,5,-,1,2,1,1,-,-
2015,마포구,합정동,4,-,1,1,1,-,-,-,-,-,1,-,-,-,-
2015,마포구,망원1동,2,-,-,-,-,-,-,1,-,1,-,-,-,-,-
2015,마포구,망원2동,3,-,-,-,1,-,-,1,-,1,-,-,-,-,-
2015,마포구,연남동,1,-,-,-,-,-,-,-,-,-,-,1,-,-,-
2015,마포구,성산1동,2,-,-,-,1,-,-,1,-,-,-,-,-,-,-
2015,마포구,성산2동,4,-,1,-,1,1,-,1,-,-,-,-,-,-,-
2015,마포구,상암동,13,-,2,-,2,2,-,2,-,4,1,-,-,-,-
2015,마포구,도화동,9,-,1,1,1,1,-,2,1,1,1,-,-,-,-
2015,마포구,서강동,4,-,1,-,1,-,-,1,-,1,-,-,-,-,-
2015,마포구,공덕동,11,-,2,-,-,4,-,2,-,1,1,1,-,-,-
2015,마포구,아현동,8,-,1,-,2,1,-,2,-,1,1,-,-,-,-
2015,양천구,소계,73,-,11,6,14,13,2,15,-,5,5,1,1,-,-
2015,양천구,목1동,13,-,1,-,2,4,1,3,-,1,1,-,-,-,-
2015,양천구,목2동,2,-,-,-,1,-,-,1,-,-,-,-,-,-,-
2015,양천구,목3동,4,-,-,1,1,1,-,-,-,1,-,-,-,-,-
2015,양천구,목4동,3,-,-,1,1,-,-,-,-,-,1,-,-,-,-
2015,양천구,신월1동,4,-,1,-,1,-,-,1,-,-,1,-,-,-,-
2015,양천구,신월2동,2,-,1,1,-,-,-,-,-,-,-,-,-,-,-
2015,양천구,신월3동,1,-,1,-,-,-,-,-,-,-,-,-,-,-,-
2015,양천구,신월4동,1,-,-,-,-,1,-,-,-,-,-,-,-,-,-
2015,양천구,신월5동,1,-,-,-,-,1,-,-,-,-,-,-,-,-,-
2015,양천구,신월6동,2,-,-,-,1,-,-,-,-,-,1,-,-,-,-
2015,양천구,신월7동,2,-,1,-,-,-,-,1,-,-,-,-,-,-,-
2015,양천구,신정1동,5,-,-,1,1,2,-,1,-,-,-,-,-,-,-
2015,양천구,신정2동,1,-,-,-,-,-,-,1,-,-,-,-,-,-,-
2015,양천구,신정3동,4,-,2,-,1,1,-,-,-,-,-,-,-,-,-
2015,양천구,신정6동,7,-,2,-,1,1,1,1,-,1,-,-,-,-,-
2015,양천구,신정7동,3,-,-,-,1,-,-,2,-,-,-,-,-,-,-
2015,양천구,목5동,10,-,1,1,2,2,-,3,-,1,-,-,-,-,-
2015,양천구,신정4동,8,-,1,1,1,-,-,1,-,1,1,1,1,-,-
2015,강서구,소계,72,-,15,2,14,15,1,9,1,6,6,3,-,-,-
2015,강서구,염창동,4,-,2,-,1,1,-,-,-,-,-,-,-,-,-
2015,강서구,등촌1동,4,-,-,-,-,1,-,-,-,2,1,-,-,-,-
2015,강서구,등촌2동,1,-,-,-,-,-,-,1,-,-,-,-,-,-,-
2015,강서구,등촌3동,7,-,1,-,2,1,-,1,-,1,1,-,-,-,-
2015,강서구,화곡본동,2,-,-,1,1,-,-,-,-,-,-,-,-,-,-
2015,강서구,화곡3동,3,-,-,-,1,1,-,1,-,-,-,-,-,-,-
2015,강서구,화곡4동,3,-,-,-,-,-,-,1,-,1,1,-,-,-,-
2015,강서구,화곡6동,5,-,2,-,1,1,-,1,-,-,-,-,-,-,-
2015,강서구,화곡8동,3,-,1,-,2,-,-,-,-,-,-,-,-,-,-
2015,강서구,가양1동,2,-,-,-,1,1,-,-,-,-,-,-,-,-,-
2015,강서구,가양2동,3,-,1,-,1,-,-,-,-,-,1,-,-,-,-
2015,강서구,발산1동,7,-,1,-,2,2,-,-,-,1,-,1,-,-,-
2015,강서구,공항동,8,-,3,1,-,3,-,-,-,-,1,-,-,-,-
2015,강서구,방화1동,4,-,-,-,2,1,-,1,-,-,-,-,-,-,-
2015,강서구,방화2동,3,-,1,-,-,-,-,-,-,1,-,1,-,-,-
2015,강서구,방화3동,2,-,1,-,-,1,-,-,-,-,-,-,-,-,-
2015,강서구,화곡1동,3,-,1,-,-,-,-,1,1,-,-,-,-,-,-
2015,강서구,우장산동,8,-,1,-,-,2,1,2,-,-,1,1,-,-,-
2015,구로구,소계,72,-,13,3,12,10,-,15,2,13,4,-,-,-,-
2015,구로구,신도림동,6,-,2,-,1,1,-,1,1,-,-,-,-,-,-
2015,구로구,구로1동,2,-,1,-,-,1,-,-,-,-,-,-,-,-,-
2015,구로구,구로3동,20,-,3,1,4,2,-,3,1,4,2,-,-,-,-
2015,구로구,구로4동,5,-,1,-,-,-,-,1,-,2,1,-,-,-,-
2015,구로구,구로5동,5,-,-,-,2,-,-,2,-,-,1,-,-,-,-
2015,구로구,고척1동,3,-,-,-,1,-,-,1,-,1,-,-,-,-,-
2015,구로구,고척2동,2,-,-,-,-,1,-,-,-,1,-,-,-,-,-
2015,구로구,개봉2동,3,-,1,-,-,-,-,1,-,1,-,-,-,-,-
2015,구로구,개봉3동,2,-,-,1,1,-,-,-,-,-,-,-,-,-,-
2015,구로구,오류1동,5,-,-,-,1,1,-,2,-,1,-,-,-,-,-
2015,구로구,오류2동,1,-,1,-,-,-,-,-,-,-,-,-,-,-,-
2015,구로구,수궁동,1,-,-,-,-,-,-,-,-,1,-,-,-,-,-
2015,구로구,가리봉동,1,-,-,-,-,-,-,1,-,-,-,-,-,-,-
2015,구로구,구로2동,13,-,3,1,1,3,-,3,-,2,-,-,-,-,-
2015,구로구,개봉1동,3,-,1,-,1,1,-,-,-,-,-,-,-,-,-
2015,금천구,소계,65,-,14,3,10,7,-,8,-,13,6,2,2,-,-
2015,금천구,가산동,33,-,7,2,6,3,-,3,-,8,2,1,1,-,-
2015,금천구,독산1동,7,-,3,-,1,-,-,1,-,1,1,-,-,-,-
2015,금천구,독산2동,2,-,-,-,-,1,-,-,-,-,1,-,-,-,-
2015,금천구,독산3동,3,-,-,-,1,1,-,-,-,-,-,-,1,-,-
2015,금천구,독산4동,2,-,-,1,-,-,-,-,-,1,-,-,-,-,-
2015,금천구,시흥1동,10,-,3,-,2,1,-,1,-,1,1,1,-,-,-
2015,금천구,시흥2동,1,-,-,-,-,-,-,1,-,-,-,-,-,-,-
2015,금천구,시흥3동,5,-,-,-,-,1,-,1,-,2,1,-,-,-,-
2015,금천구,시흥4동,1,-,-,-,-,-,-,1,-,-,-,-,-,-,-
2015,금천구,시흥5동,1,-,1,-,-,-,-,-,-,-,-,-,-,-,-
2015,영등포구,소계,140,-,25,6,25,18,3,21,6,15,12,5,2,1,1
2015,영등포구,여의도동,70,-,9,4,10,9,2,11,6,5,8,2,2,1,1
2015,영등포구,당산1동,5,-,3,-,1,1,-,-,-,-,-,-,-,-,-
2015,영등포구,당산2동,7,-,1,-,1,1,-,3,-,1,-,-,-,-,-
2015,영등포구,양평1동,4,-,1,-,2,-,-,-,-,1,-,-,-,-,-
2015,영등포구,양평2동,3,-,-,-,1,1,-,-,-,-,-,1,-,-,-
2015,영등포구,신길1동,2,-,1,-,-,-,-,-,-,1,-,-,-,-,-
2015,영등포구,신길3동,5,-,2,-,2,-,-,-,-,-,1,-,-,-,-
2015,영등포구,신길4동,1,-,-,-,-,-,-,1,-,-,-,-,-,-,-
2015,영등포구,신길6동,1,-,-,-,1,-,-,-,-,-,-,-,-,-,-
2015,영등포구,신길7동,1,-,-,-,-,1,-,-,-,-,-,-,-,-,-
2015,영등포구,대림1동,4,-,1,-,1,2,-,-,-,-,-,-,-,-,-
2015,영등포구,대림2동,1,-,-,-,-,1,-,-,-,-,-,-,-,-,-
2015,영등포구,대림3동,8,-,2,1,1,-,-,2,-,1,-,1,-,-,-
2015,영등포구,영등포동,18,-,3,1,3,2,1,2,-,2,3,1,-,-,-
2015,영등포구,도림동,1,-,-,-,-,-,-,-,-,1,-,-,-,-,-
2015,영등포구,문래동,9,-,2,-,2,-,-,2,-,3,-,-,-,-,-
2015,동작구,소계,62,-,12,2,12,13,-,11,-,3,6,2,1,-,-
2015,동작구,노량진2동,4,-,2,-,1,1,-,-,-,-,-,-,-,-,-
2015,동작구,상도1동,5,-,2,-,1,1,-,1,-,-,-,-,-,-,-
2015,동작구,상도2동,5,-,1,-,1,1,-,2,-,-,-,-,-,-,-
2015,동작구,상도3동,3,-,-,1,-,1,-,1,-,-,-,-,-,-,-
2015,동작구,상도4동,1,-,-,-,-,-,-,-,-,-,1,-,-,-,-
2015,동작구,사당1동,10,-,-,1,2,1,-,2,-,1,1,1,1,-,-
2015,동작구,사당3동,1,-,-,-,-,1,-,-,-,-,-,-,-,-,-
2015,동작구,사당4동,1,-,-,-,1,-,-,-,-,-,-,-,-,-,-
2015,동작구,대방동,5,-,1,-,2,2,-,-,-,-,-,-,-,-,-
2015,동작구,신대방1동,3,-,1,-,1,-,-,1,-,-,-,-,-,-,-
2015,동작구,신대방2동,8,-,1,-,1,2,-,1,-,1,2,-,-,-,-
2015,동작구,흑석동,7,-,3,-,1,1,-,1,-,-,1,-,-,-,-
2015,동작구,노량진1동,6,-,-,-,1,1,-,1,-,1,1,1,-,-,-
2015,동작구,사당2동,3,-,1,-,-,1,-,1,-,-,-,-,-,-,-
2015,관악구,소계,52,-,13,4,10,10,-,6,-,5,3,1,-,-,-
2015,관악구,보라매동,2,-,1,1,-,-,-,-,-,-,-,-,-,-,-
2015,관악구,청림동,1,-,1,-,-,-,-,-,-,-,-,-,-,-,-
2015,관악구,행운동,5,-,2,-,1,1,-,1,-,-,-,-,-,-,-
2015,관악구,낙성대동,3,-,-,-,1,1,-,1,-,-,-,-,-,-,-
2015,관악구,중앙동,3,-,-,1,1,1,-,-,-,-,-,-,-,-,-
2015,관악구,인헌동,5,-,1,-,1,1,-,1,-,1,-,-,-,-,-
2015,관악구,남현동,1,-,1,-,-,-,-,-,-,-,-,-,-,-,-
2015,관악구,서원동,3,-,-,1,1,-,-,-,-,1,-,-,-,-,-
2015,관악구,신원동,1,-,-,-,-,1,-,-,-,-,-,-,-,-,-
2015,관악구,서림동,1,-,1,-,-,-,-,-,-,-,-,-,-,-,-
2015,관악구,신사동,2,-,-,-,-,1,-,-,-,1,-,-,-,-,-
2015,관악구,신림동,3,-,1,-,1,-,-,1,-,-,-,-,-,-,-
2015,관악구,조원동,2,-,-,1,1,-,-,-,-,-,-,-,-,-,-
2015,관악구,대학동,6,-,2,-,1,2,-,-,-,-,1,-,-,-,-
2015,관악구,은천동,2,-,-,-,-,-,-,1,-,-,1,-,-,-,-
2015,관악구,청룡동,7,-,2,-,1,1,-,1,-,1,-,1,-,-,-
2015,관악구,난곡동,1,-,-,-,-,1,-,-,-,-,-,-,-,-,-
2015,관악구,미성동,4,-,1,-,1,-,-,-,-,1,1,-,-,-,-
2015,서초구,소계,213,-,33,10,35,39,7,45,7,17,11,4,4,1,-
2015,서초구,서초1동,13,-,2,1,2,1,1,3,-,1,1,-,-,1,-
2015,서초구,서초2동,33,-,5,2,5,4,-,6,2,3,2,2,2,-,-
2015,서초구,서초3동,33,-,5,2,4,10,-,6,1,3,2,-,-,-,-
2015,서초구,서초4동,17,-,4,-,4,2,1,4,-,1,-,1,-,-,-
2015,서초구,잠원동,11,-,1,1,3,2,-,2,1,-,-,-,1,-,-
2015,서초구,반포본동,5,-,1,1,1,1,-,1,-,-,-,-,-,-,-
2015,서초구,반포1동,12,-,1,-,2,3,-,2,1,2,1,-,-,-,-
2015,서초구,반포2동,7,-,-,-,-,1,1,3,-,1,-,-,1,-,-
2015,서초구,반포3동,7,-,2,-,2,1,-,1,-,1,-,-,-,-,-
2015,서초구,반포4동,17,-,3,1,3,3,1,6,-,-,-,-,-,-,-
2015,서초구,방배본동,6,-,1,1,1,1,-,1,-,1,-,-,-,-,-
2015,서초구,방배1동,5,-,-,-,1,1,1,2,-,-,-,-,-,-,-
2015,서초구,방배2동,2,-,1,-,-,-,-,-,1,-,-,-,-,-,-
2015,서초구,방배3동,4,-,1,-,1,-,-,1,-,1,-,-,-,-,-
2015,서초구,방배4동,13,-,1,-,3,3,1,1,1,1,2,-,-,-,-
2015,서초구,양재1동,13,-,3,-,2,2,1,3,-,1,-,1,-,-,-
2015,서초구,양재2동,14,-,2,1,1,4,-,2,-,1,3,-,-,-,-
2015,서초구,내곡동,1,-,-,-,-,-,-,1,-,-,-,-,-,-,-
2015,강남구,소계,351,1,61,16,57,52,19,65,11,25,28,8,7,-,1
2015,강남구,신사동,14,-,2,-,3,4,1,1,-,1,1,1,-,-,-
2015,강남구,논현1동,18,-,2,1,2,2,1,4,-,3,2,1,-,-,-
2015,강남구,논현2동,25,-,5,1,5,2,-,7,-,1,2,1,1,-,-
2015,강남구,삼성1동,32,-,6,1,4,4,-,11,1,2,2,-,1,-,-
2015,강남구,삼성2동,19,-,4,2,1,3,-,2,2,2,2,1,-,-,-
2015,강남구,대치1동,16,-,1,1,1,1,2,4,2,1,1,-,2,-,-
2015,강남구,대치4동,16,-,3,-,2,4,-,2,-,2,1,1,-,-,1
2015,강남구,역삼1동,57,-,8,4,13,9,3,7,1,4,5,3,-,-,-
2015,강남구,역삼2동,17,1,4,1,2,2,1,1,1,2,2,-,-,-,-
2015,강남구,도곡1동,12,-,3,-,1,2,1,1,1,1,2,-,-,-,-
2015,강남구,도곡2동,23,-,5,2,4,3,1,4,-,2,1,-,1,-,-
2015,강남구,개포1동,2,-,-,-,-,1,-,1,-,-,-,-,-,-,-
2015,강남구,개포4동,5,-,1,-,2,-,-,1,-,-,1,-,-,-,-
2015,강남구,일원본동,5,-,1,-,1,2,-,1,-,-,-,-,-,-,-
2015,강남구,일원1동,3,-,1,-,-,-,-,1,-,-,1,-,-,-,-
2015,강남구,일원2동,3,-,1,-,1,-,-,1,-,-,-,-,-,-,-
2015,강남구,수서동,4,-,1,-,1,-,-,1,-,1,-,-,-,-,-
2015,강남구,세곡동,1,-,-,-,-,-,-,-,-,-,1,-,-,-,-
2015,강남구,압구정동,32,-,5,3,5,5,2,7,1,2,1,-,1,-,-
2015,강남구,청담동,20,-,4,-,3,2,3,4,1,1,2,-,-,-,-
2015,강남구,대치2동,23,-,3,-,5,5,4,4,1,-,1,-,-,-,-
2015,강남구,개포2동,4,-,1,-,1,1,-,-,-,-,-,-,1,-,-
2015,송파구,소계,152,-,30,9,26,26,3,30,2,7,12,5,2,-,-
2015,송파구,풍납1동,1,-,-,-,-,-,-,-,-,1,-,-,-,-,-
2015,송파구,풍납2동,5,-,1,-,-,1,-,3,-,-,-,-,-,-,-
2015,송파구,거여2동,4,-,1,-,1,-,-,1,-,-,1,-,-,-,-
2015,송파구,마천1동,1,-,-,1,-,-,-,-,-,-,-,-,-,-,-
2015,송파구,마천2동,2,-,-,-,1,1,-,-,-,-,-,-,-,-,-
2015,송파구,방이1동,2,-,1,1,-,-,-,-,-,-,-,-,-,-,-
2015,송파구,방이2동,6,-,2,-,1,1,-,1,-,1,-,-,-,-,-
2015,송파구,오륜동,7,-,1,-,1,1,-,3,-,-,-,1,-,-,-
2015,송파구,오금동,7,-,-,-,1,1,-,2,-,1,1,1,-,-,-
2015,송파구,송파1동,7,-,1,1,2,-,-,1,-,1,1,-,-,-,-
2015,송파구,송파2동,3,-,1,-,-,1,-,1,-,-,-,-,-,-,-
2015,송파구,석촌동,8,-,3,-,-,2,-,2,-,-,-,1,-,-,-
2015,송파구,삼전동,5,-,1,-,3,-,-,-,-,1,-,-,-,-,-
2015,송파구,가락본동,10,-,1,1,2,1,-,2,-,1,2,-,-,-,-
2015,송파구,가락1동,4,-,1,-,-,-,-,-,-,-,2,1,-,-,-
2015,송파구,가락2동,6,-,2,-,1,1,-,1,-,-,1,-,-,-,-
2015,송파구,문정1동,3,-,-,1,-,1,-,1,-,-,-,-,-,-,-
2015,송파구,문정2동,9,-,2,1,2,2,1,1,-,-,-,-,-,-,-
2015,송파구,장지동,4,-,-,-,1,1,-,1,-,-,1,-,-,-,-
2015,송파구,위례동,2,-,1,-,-,1,-,-,-,-,-,-,-,-,-
2015,송파구,잠실본동,9,-,2,1,2,1,-,2,-,-,1,-,-,-,-
2015,송파구,잠실4동,5,-,2,-,2,1,-,-,-,-,-,-,-,-,-
2015,송파구,잠실6동,17,-,3,1,1,4,1,4,-,-,1,1,1,-,-
2015,송파구,잠실7동,5,-,1,1,1,1,-,1,-,-,-,-,-,-,-
2015,송파구,잠실2동,9,-,1,-,1,-,1,1,2,1,1,-,1,-,-
2015,송파구,잠실3동,11,-,2,-,3,4,-,2,-,-,-,-,-,-,-
2015,강동구,소계,73,-,15,4,14,9,2,14,2,7,4,2,-,-,-
2015,강동구,강일동,5,-,-,-,2,-,-,1,-,2,-,-,-,-,-
2015,강동구,상일동,4,-,1,-,1,1,-,1,-,-,-,-,-,-,-
2015,강동구,명일1동,7,-,1,1,1,2,-,2,-,-,-,-,-,-,-
2015,강동구,명일2동,8,-,1,1,1,1,1,2,-,-,1,-,-,-,-
2015,강동구,고덕2동,1,-,1,-,-,-,-,-,-,-,-,-,-,-,-
2015,강동구,암사2동,3,-,1,-,1,1,-,-,-,-,-,-,-,-,-
2015,강동구,암사3동,1,-,1,-,-,-,-,-,-,-,-,-,-,-,-
2015,강동구,천호1동,1,-,-,-,1,-,-,-,-,-,-,-,-,-,-
2015,강동구,천호3동,2,-,-,-,-,1,-,-,-,1,-,-,-,-,-
2015,강동구,성내1동,6,-,1,-,1,-,1,1,-,1,1,-,-,-,-
2015,강동구,성내2동,5,-,1,1,1,-,-,1,1,-,-,-,-,-,-
2015,강동구,성내3동,6,-,1,-,1,1,-,2,-,1,-,-,-,-,-
2015,강동구,둔촌1동,2,-,-,-,1,-,-,1,-,-,-,-,-,-,-
2015,강동구,둔촌2동,6,-,3,1,1,-,-,1,-,-,-,-,-,-,-
2015,강동구,암사1동,3,-,-,-,-,-,-,1,-,1,-,1,-,-,-
2015,강동구,천호2동,4,-,-,-,1,1,-,1,-,-,1,-,-,-,-
2015,강동구,길동,9,-,3,-,1,1,-,-,1,1,1,1,-,-,-
