loc,room_type,size,room_floor,building_floor,parking,elevator,heat_type,animal,aircondition,laundry,bed,desk,closet,tv,shoes,refrigerator,gas,induction,microwave,doar_lock,bidet,price
"[127.02117963395807, 37.56475734802141]",투룸,42.9,2,6,True,True,개별 난방,False,True,True,False,False,False,False,True,False,False,True,False,True,False,25100.0
"[127.0104393523, 37.5571796012]",투룸,39.6,2,3,False,False,개별 난방,False,True,True,False,False,False,False,False,False,True,False,False,True,False,9000
"[127.01332423, 37.5636592804]",1.5룸,29.8,-1,2,False,False,개별 난방,True,False,True,True,True,False,False,True,True,True,False,False,False,False,4000
"[127.0002671171575, 37.563299633404846]",1.5룸,41.3,14,20,True,True,개별 난방,False,True,True,False,False,True,False,True,True,False,True,False,True,True,16200.0
"[127.01664336616349, 37.566037489131276]",원룸,30.3,20,22,True,True,개별 난방,False,True,True,False,False,True,False,True,True,False,True,True,True,False,11000.0
"[127.0122773389892, 37.55723348420487]",원룸,23.14,3,5,False,False,개별 난방,True,True,True,False,True,False,False,True,True,False,True,False,True,False,5800.0
"[127.01244915734785, 37.555975673755604]",원룸,23.1,3,11,True,False,개별 난방,False,True,True,False,False,True,False,True,True,False,True,False,True,False,14000.0
"[127.01686440407666, 37.562429868615]",투룸,36.3,1,1,False,False,개별 난방,False,False,False,False,False,False,False,False,False,False,False,False,True,False,6000
"[127.00332325861642, 37.56645307364393]",오피스텔,26.4,10,15,True,True,개별 난방,True,True,True,True,True,True,True,True,True,True,False,True,False,False,9000.0
"[127.0081259781, 37.5566536006]",원룸,23.1,2,2,False,False,개별 난방,False,True,True,False,False,False,False,False,False,False,False,False,False,False,5800
"[127.0013220207541, 37.564272702384436]",원룸,16.5,6,14,True,True,개별 난방,False,True,True,False,False,True,False,True,True,True,False,False,True,False,12660.0
"[126.98974103703924, 37.562228804121524]",원룸,9.9,2,12,False,False,중앙 난방,False,True,True,True,True,True,True,True,True,False,True,True,False,False,3010
"[126.96822769418286, 37.56081941992014]",원룸,29.7,4,39,True,True,개별 난방,False,True,True,False,False,True,False,True,True,True,False,False,True,False,15300.0
"[127.0006972289, 37.5641429643]",투룸,29.7,3,3,False,False,개별 난방,False,False,True,False,False,False,False,False,False,True,False,False,False,False,8000
"[127.01664336616349, 37.566037489131276]",오피스텔,24.6,19,22,True,True,개별 난방,False,True,True,False,True,True,False,True,True,False,True,True,True,False,9300.0
"[126.96998769910715, 37.563558910036356]",원룸,39.6,6,12,True,True,개별 난방,False,True,True,False,False,True,False,True,True,False,True,False,True,True,12300.0
"[127.00748272689898, 37.55249103334775]",투룸,39.6,2,3,False,False,개별 난방,False,False,False,False,False,False,False,False,False,False,False,False,False,False,7000
"[127.01721778837357, 37.5635182213605]",1.5룸,39.6,3,5,True,True,개별 난방,False,True,True,False,False,False,False,True,True,True,False,False,True,False,23100.0
"[127.0002671171575, 37.563299633404846]",투룸,39.6,15,20,True,True,개별 난방,False,True,True,False,False,True,False,True,True,False,True,False,True,True,17200.0
"[126.98076935479594, 37.5563351629971]",원룸,21.5,2,5,False,False,개별 난방,False,True,True,False,False,False,False,True,True,False,True,False,True,False,8600.0
"[127.0002671171575, 37.563299633404846]",1.5룸,37.0,14,20,True,True,개별 난방,True,True,True,False,False,True,False,True,True,False,True,False,False,True,16200.0
"[127.0193811634, 37.5606887567]",투룸,42.9,1,2,False,False,개별 난방,False,False,False,False,False,False,False,True,False,False,False,False,False,False,7000
"[127.01664336616349, 37.566037489131276]",원룸,30.3,18,22,True,True,개별 난방,False,True,True,False,False,True,False,True,True,False,True,True,True,False,10800.0
"[127.00779952466922, 37.5517702143261]",원룸,26.4,4,5,True,False,개별 난방,False,True,True,False,False,True,False,True,True,True,False,False,False,False,8500.0
"[126.96957136074711, 37.56310470127861]",아파트,79.2,18,19,True,True,개별 난방,False,True,True,False,False,True,False,True,True,True,False,False,True,False,47000.0
"[127.0110285196, 37.5616052451]",원룸,23.1,-1,3,False,False,개별 난방,False,True,True,False,False,False,False,False,True,True,False,False,True,False,5500
"[127.01664336616349, 37.566037489131276]",오피스텔,24.6,8,22,True,True,개별 난방,False,True,True,False,False,True,True,True,True,False,True,True,True,True,9400.0
"[127.013295216, 37.5532509643]",쓰리룸,66.0,4,4,True,False,개별 난방,True,False,False,False,False,False,False,False,False,False,False,False,False,False,30200.0
"[126.99189144564984, 37.562967788562254]",원룸,9.9,4,5,False,False,중앙 난방,False,True,True,True,True,True,True,True,True,False,True,True,False,False,2010
"[127.0063328984, 37.5521054734]",투룸,36.3,2,3,False,False,개별 난방,False,False,False,False,False,False,False,False,False,False,False,False,False,False,13200.0
"[127.01069296172577, 37.5578463165013]",쓰리룸,66.0,4,4,True,False,개별 난방,False,False,False,False,False,False,False,True,False,False,False,False,False,False,17000
"[127.02655831347258, 37.56479230044844]",쓰리룸,99.0,4,5,False,False,개별 난방,False,False,False,False,False,False,False,False,False,False,False,False,False,False,17000
"[127.00993682316835, 37.55697061314327]",1.5룸,39.6,4,6,False,True,개별 난방,False,True,True,False,False,True,False,True,True,True,False,False,True,False,20800.0
"[127.01171527484914, 37.55269251283086]",원룸,33.0,4,7,False,True,개별 난방,False,True,True,False,False,False,False,True,True,False,True,False,True,False,8600.0
"[127.0142999696, 37.5522237091]",원룸,3.3,1,2,False,False,개별 난방,False,False,False,False,False,False,False,False,False,False,False,False,False,False,3300
"[126.9679315269536, 37.565241430418425]",오피스텔,33.0,10,15,True,True,개별 난방,True,True,True,False,False,False,False,True,True,True,False,False,False,False,15900.0
"[127.01686440407666, 37.562429868615]",투룸,39.6,1,1,False,False,개별 난방,False,False,False,False,False,False,False,False,False,False,False,False,False,False,6000
"[127.01211386665334, 37.55415208928928]",원룸,23.1,5,6,True,True,개별 난방,False,True,True,False,False,True,False,True,True,False,True,False,True,False,7500.0
"[127.01069296172577, 37.5578463165013]",쓰리룸,66.0,4,5,True,False,개별 난방,False,False,False,False,False,False,False,False,False,False,False,False,False,False,17200.0
"[127.01721778837357, 37.5635182213605]",투룸,49.5,4,5,True,True,개별 난방,False,True,True,False,False,False,False,True,True,True,False,False,True,False,24700.0
"[127.01687385952309, 37.56420663222599]",원룸,26.4,4,5,False,True,개별 난방,False,True,False,False,False,False,False,True,True,False,True,False,False,False,7500.0
"[127.00993682316835, 37.55697061314327]",투룸,42.9,4,7,False,False,개별 난방,False,True,True,False,False,True,False,True,False,True,False,False,True,False,20700.0
"[126.9922714641424, 37.56569963478208]",원룸,9.9,3,5,False,False,중앙 난방,False,True,True,True,True,True,True,True,True,False,True,True,True,False,4520
"[127.0118436728, 37.5631080284]",쓰리룸,72.6,4,4,True,False,개별 난방,True,False,False,False,False,False,False,False,False,False,False,False,False,False,24600.0
"[127.0169050338, 37.5619144927]",투룸,49.5,2,2,False,False,개별 난방,True,False,False,False,False,False,False,False,False,False,False,False,False,False,15000
"[126.9947260875059, 37.5559293603985]",원룸,26.4,3,3,False,False,지역 난방,False,False,True,True,False,False,False,True,True,True,False,False,False,False,5600.0
"[127.0206270636464, 37.56397538109723]",원룸,19.8,2,5,True,False,개별 난방,False,True,True,False,True,False,False,True,True,False,True,False,True,False,6400.0
"[127.01664336616349, 37.566037489131276]",오피스텔,26.4,10,22,True,True,개별 난방,False,True,True,False,True,True,False,True,True,True,True,True,True,True,9500.0
"[127.01227733898915, 37.55723348420487]",원룸,26.4,3,4,False,False,개별 난방,False,True,True,False,False,False,False,False,True,True,False,False,True,False,5800.0
"[127.02311867142038, 37.568861921513246]",원룸,19.8,3,4,False,False,개별 난방,True,True,True,False,False,True,False,True,True,False,True,False,True,False,6600.0
"[127.0132377593, 37.5611184798]",1.5룸,39.6,5,5,False,False,개별 난방,False,False,False,False,False,False,False,False,False,True,False,False,True,False,7000.0
"[126.98076935479594, 37.5563351629971]",원룸,23.1,1,4,True,False,개별 난방,False,True,True,False,False,True,False,False,True,False,True,False,True,False,8600.0
"[127.0219985196336, 37.56274617440856]",쓰리룸,66.0,1,2,True,False,개별 난방,False,False,False,False,False,False,False,True,False,True,False,False,False,False,16000
"[127.0217287676, 37.5692550196]",1.5룸,39.6,6,10,True,True,개별 난방,True,True,True,False,False,False,False,True,True,True,False,False,True,False,11200.0
"[126.96998769910715, 37.563558910036356]",원룸,36.3,6,12,True,False,개별 난방,False,True,True,False,False,True,False,True,True,False,True,False,False,True,28000.0
"[127.0174309257, 37.5650138439]",투룸,39.6,4,4,False,False,개별 난방,False,False,False,False,False,False,False,False,False,False,False,False,False,False,7800.0
"[127.0157363138, 37.5587287293]",투룸,72.6,2,3,False,False,개별 난방,False,False,False,False,False,False,False,True,False,True,False,False,True,False,13000
"[127.00181105599908, 37.56710903154925]",원룸,19.8,9,13,True,True,개별 난방,False,True,True,False,False,True,False,True,True,True,False,False,True,False,6600.0
"[127.01664336616349, 37.566037489131276]",오피스텔,24.6,13,20,True,True,개별 난방,False,True,True,False,False,True,True,True,True,False,True,True,True,True,9300.0
"[127.01570905038066, 37.55824940243208]",원룸,16.5,1,1,False,False,개별 난방,False,False,False,False,False,False,False,False,False,False,False,False,False,False,3200
"[126.96780240017276, 37.560195814896225]",원룸,9.9,4,5,False,False,중앙 난방,False,True,True,True,True,True,True,True,True,True,True,True,True,False,4510
"[126.9684593819662, 37.55892738848226]",원룸,9.9,3,4,False,False,중앙 난방,False,True,True,True,True,True,True,True,True,True,True,False,False,False,2810
"[127.0011997131, 37.5601569512]",투룸,42.9,1,1,False,False,개별 난방,False,False,False,False,False,False,False,False,False,False,False,False,False,False,9000
"[126.9817467235163, 37.55822380859089]",아파트,33.8,12,31,True,True,개별 난방,False,True,True,False,False,True,False,True,True,True,False,False,True,True,20900.0
"[127.0217048289, 37.5647752726]",투룸,46.2,3,4,False,False,개별 난방,False,False,False,False,False,False,False,False,False,False,False,False,False,False,7000
"[127.0002671171575, 37.563299633404846]",오피스텔,23.1,5,20,True,True,개별 난방,False,True,True,False,False,True,False,True,True,False,True,False,True,True,8200.0
"[127.00538782357823, 37.56616467876273]",오피스텔,29.7,5,15,True,True,개별 난방,True,True,True,True,True,True,True,True,True,False,True,False,False,False,10500.0
"[127.0102901166, 37.5583184749]",쓰리룸,66.0,2,4,False,False,개별 난방,False,False,False,False,False,False,False,False,False,False,False,False,False,False,20200.0
"[127.0117388906, 37.5589526417]",투룸,49.5,3,4,False,False,개별 난방,False,False,False,False,False,False,False,False,False,False,False,False,False,False,11800.0
"[127.02327190613819, 37.56658417415583]",오피스텔,22.5,7,19,True,True,개별 난방,False,True,True,False,False,True,False,True,True,False,True,False,True,False,8200.0
"[126.96822769418286, 37.56081941992014]",오피스텔,29.7,4,36,True,True,개별 난방,False,True,True,False,False,True,False,True,True,True,False,False,True,False,21600.0
"[127.01869854376142, 37.56467127140603]",원룸,26.4,3,3,False,False,개별 난방,False,True,False,False,True,False,False,False,False,True,False,False,False,False,6000
"[127.0184856563394, 37.56428567853519]",원룸,19.8,2,2,False,False,개별 난방,False,False,True,False,False,False,True,True,True,True,False,False,False,False,3800
"[126.99952911802151, 37.568287546969586]",원룸,6.6,3,5,False,False,중앙 난방,False,False,False,True,True,True,True,True,True,False,False,False,False,False,3010
"[127.00191517833969, 37.566586452283495]",오피스텔,19.8,5,12,True,True,개별 난방,True,True,True,False,False,True,False,True,True,True,False,False,True,False,8300.0
"[127.01721778837357, 37.5635182213605]",투룸,39.6,3,5,True,True,개별 난방,False,True,True,False,False,False,True,True,True,True,False,False,True,False,23200.0
"[127.00345430491531, 37.56094978398048]",원룸,26.4,4,4,False,False,개별 난방,False,True,True,True,True,True,True,False,True,False,True,True,True,False,8500.0
"[126.98076935479594, 37.5563351629971]",1.5룸,29.7,4,5,False,False,개별 난방,False,True,True,False,False,True,False,True,True,False,True,False,True,False,13600.0
"[127.0174576492565, 37.56312174770761]",쓰리룸,56.1,4,5,True,False,개별 난방,False,False,False,False,False,False,False,True,False,False,False,False,False,False,18500.0
"[127.01259514130875, 37.56263582846241]",1.5룸,42.9,3,5,True,False,개별 난방,False,False,False,False,False,True,False,True,False,False,False,False,True,False,7500
"[127.01664336616349, 37.566037489131276]",원룸,29.7,4,22,True,True,개별 난방,False,True,True,False,False,False,False,True,True,True,False,True,True,False,9400.0
"[127.02284169315269, 37.56628873150478]",오피스텔,18.4,6,10,True,True,개별 난방,False,True,True,True,True,True,True,True,True,False,True,False,True,False,13500.0
"[127.01664336616349, 37.566037489131276]",오피스텔,19.8,13,20,True,True,개별 난방,False,True,True,False,False,True,True,True,True,False,True,True,True,True,9000.0
"[127.01664336616349, 37.566037489131276]",오피스텔,24.6,8,22,True,True,개별 난방,False,True,True,False,False,True,True,True,True,False,True,True,True,False,9400.0
"[127.0085466247365, 37.55345683101177]",원룸,19.8,3,5,True,False,개별 난방,False,True,True,False,True,True,False,True,False,True,False,False,True,False,7600.0
"[127.0132742377, 37.5625852983]",투룸,42.9,3,4,False,False,개별 난방,False,False,False,False,False,False,False,False,False,False,False,False,False,False,7200.0
"[126.96673392316691, 37.560314450269075]",원룸,19.8,2,5,True,True,개별 난방,False,True,True,False,False,True,False,True,True,False,False,False,True,False,12500.0
"[127.01664336616349, 37.566037489131276]",오피스텔,29.7,3,22,True,True,개별 난방,False,True,True,False,False,True,False,True,True,False,True,False,True,False,9400.0
"[127.01664336616349, 37.566037489131276]",원룸,29.2,19,22,True,True,개별 난방,False,True,True,False,False,False,False,True,True,False,True,True,True,False,10100.0
"[127.0135230266, 37.5613887465]",투룸,52.8,3,4,False,False,개별 난방,False,False,False,False,False,False,False,False,False,False,False,False,True,False,7000
"[127.01387610270146, 37.5611039905455]",원룸,23.1,1,3,False,False,개별 난방,False,True,True,False,False,False,False,True,True,True,False,False,True,False,7300.0
"[127.0229673172, 37.5625477707]",쓰리룸,52.8,1,2,False,False,개별 난방,True,False,False,False,False,False,False,False,False,False,False,False,False,False,9000
"[127.00124496611393, 37.55900367453135]",원룸,6.6,5,5,False,False,중앙 난방,False,False,True,False,True,False,False,False,True,False,False,True,False,False,3030
"[127.0002671171575, 37.563299633404846]",원룸,23.1,3,20,True,True,개별 난방,False,True,True,False,False,True,False,True,True,False,True,False,True,True,8600.0
"[126.96965283488885, 37.563151574063546]",아파트,62.7,17,19,True,True,개별 난방,False,True,True,False,False,True,False,True,True,True,False,False,True,False,27600.0
"[127.0002671171575, 37.563299633404846]",원룸,28.0,14,20,True,True,개별 난방,False,True,True,False,False,True,False,True,True,False,True,False,True,True,8700.0
"[127.01712347885042, 37.566866336747545]",오피스텔,46.2,14,29,True,True,개별 난방,False,True,True,False,False,True,False,True,True,True,False,False,False,False,15200.0
"[127.0085466247365, 37.55345683101177]",원룸,23.1,3,5,True,False,개별 난방,False,True,True,False,False,True,False,True,True,True,False,False,True,False,7600.0
"[126.96822769418286, 37.56081941992014]",투룸,62.7,6,35,True,False,개별 난방,False,True,True,False,False,True,False,True,False,True,False,False,False,True,21800.0
"[127.01850052132643, 37.56947180851639]",투룸,49.5,2,3,False,False,개별 난방,True,False,False,False,False,False,False,False,False,False,False,False,False,False,5500
"[127.01664336616349, 37.566037489131276]",오피스텔,26.4,6,21,True,True,개별 난방,False,True,True,False,False,False,False,True,False,True,False,True,True,False,9100.0
"[127.0068398525, 37.551669362]",투룸,33.0,2,4,True,False,개별 난방,False,False,False,False,False,False,False,False,False,False,False,False,False,False,20300.0
"[127.01664336616349, 37.566037489131276]",오피스텔,29.0,18,22,True,False,개별 난방,False,True,True,False,True,True,False,True,True,True,True,True,True,False,9800.0
"[126.96822769418286, 37.56081941992014]",투룸,82.5,17,35,True,False,개별 난방,False,True,True,False,False,True,False,True,True,True,False,False,True,True,27500.0
"[127.0002671171575, 37.563299633404846]",오피스텔,41.3,15,20,True,False,개별 난방,False,True,True,False,False,True,False,True,True,False,True,False,True,True,16200.0
"[127.01882671490684, 37.57023940505359]",원룸,16.5,5,10,False,True,개별 난방,False,True,True,False,True,True,False,True,True,False,True,True,True,False,6600.0
"[127.01226356413592, 37.556051376972626]",원룸,26.4,5,5,True,True,개별 난방,False,True,True,False,False,True,True,True,True,False,True,False,True,False,13000.0
"[126.99472608750594, 37.5559293603985]",투룸,26.4,2,3,False,False,개별 난방,False,False,True,True,True,False,False,True,True,True,False,True,False,False,8500
"[127.0002671171575, 37.563299633404846]",오피스텔,23.1,11,20,True,True,개별 난방,False,True,True,False,False,True,True,True,True,False,True,True,True,True,9200.0
"[126.99058269442813, 37.56563464043599]",원룸,16.5,2,4,False,False,중앙 난방,False,True,False,True,True,True,True,False,False,False,False,False,False,False,4725
"[127.00997758947202, 37.55714360120529]",1.5룸,33.0,4,6,True,True,개별 난방,False,True,True,False,False,True,True,True,True,True,False,False,True,False,11200.0
"[127.0002671171575, 37.563299633404846]",1.5룸,41.3,15,20,True,True,개별 난방,False,True,True,False,False,True,False,True,True,False,True,False,True,True,16200.0
"[127.0002671171575, 37.563299633404846]",원룸,23.1,10,20,True,True,개별 난방,False,True,True,False,False,True,False,True,True,False,True,False,True,True,8800.0
"[127.0202416327, 37.5617662044]",1.5룸,39.6,4,5,False,True,개별 난방,False,False,True,False,False,False,False,False,False,True,False,False,False,False,11500.0
"[127.01274751414061, 37.55349249212545]",원룸,33.0,3,5,True,True,개별 난방,False,True,True,False,False,False,False,True,True,True,False,False,True,False,10200.0
"[127.0202416327, 37.5617662044]",1.5룸,39.6,4,5,False,True,개별 난방,False,True,True,False,False,False,False,False,True,True,False,False,False,False,11500.0
"[127.00515145698746, 37.55262450578829]",원룸,16.5,2,4,False,False,개별 난방,True,True,True,False,False,False,False,False,True,True,False,False,False,False,5700.0
"[127.0200084484, 37.5701274873]",투룸,42.9,3,10,True,True,개별 난방,True,False,True,False,False,False,False,True,False,True,False,False,True,False,21700.0
"[127.00632049224004, 37.56600605721663]",오피스텔,46.2,15,15,True,True,개별 난방,True,True,True,False,False,True,False,True,True,True,False,False,True,False,17400.0
"[127.0074690405, 37.5514278564]",투룸,39.6,4,5,True,True,개별 난방,False,True,True,False,False,True,False,True,True,True,False,False,True,False,16700.0
"[127.0099463084, 37.5602142021]",1.5룸,29.0,1,4,True,False,개별 난방,False,True,False,False,False,False,False,True,False,True,False,False,False,False,6400.0
"[127.02013462016085, 37.5678713729317]",원룸,19.8,2,2,False,False,개별 난방,False,True,True,False,False,False,False,True,False,False,True,False,False,False,2500
"[126.98076935479594, 37.5563351629971]",원룸,21.5,2,5,False,False,개별 난방,False,True,True,False,False,True,False,True,True,False,True,False,True,False,8600.0
"[127.01129062973908, 37.55846614695276]",투룸,39.6,3,4,True,False,개별 난방,False,False,True,False,False,False,False,True,False,True,False,False,True,False,21300.0
"[127.00181105599908, 37.56710903154925]",오피스텔,19.8,7,15,True,True,개별 난방,True,True,True,False,False,True,False,True,True,True,False,False,True,False,7300.0
"[127.01884934587882, 37.57020696560901]",원룸,16.5,3,10,False,True,개별 난방,False,True,True,False,False,True,False,True,True,False,True,True,False,False,6600.0
"[127.00191517833969, 37.566586452283495]",오피스텔,29.7,7,12,True,True,개별 난방,True,True,True,False,False,True,False,True,True,True,False,False,True,False,9500.0
"[127.00127669871426, 37.561497633640556]",원룸,42.9,4,5,False,True,개별 난방,False,True,False,False,False,False,False,True,False,True,False,False,False,False,11000.0
"[127.01969339386555, 37.56011927498737]",쓰리룸,82.5,2,4,False,False,개별 난방,False,False,False,False,False,False,False,True,False,False,False,False,False,False,32200.0
"[127.01664336616349, 37.566037489131276]",원룸,29.7,5,22,True,False,개별 난방,True,True,True,False,False,True,False,True,True,False,True,False,True,False,9800.0
"[127.0002671171575, 37.563299633404846]",투룸,36.3,14,20,True,False,개별 난방,False,True,True,False,False,True,False,True,True,False,True,False,True,True,16300.0
"[127.01129062973908, 37.55846614695276]",투룸,39.6,3,5,True,False,개별 난방,False,True,False,False,False,False,False,False,False,True,False,False,True,False,21300.0
"[126.96822769418286, 37.56081941992014]",1.5룸,49.5,5,39,True,True,개별 난방,False,True,True,False,False,True,False,False,True,True,False,False,True,True,16200.0
"[127.0081259781, 37.5566536006]",원룸,23.1,-1,2,False,False,개별 난방,True,False,True,False,False,True,False,False,False,True,False,False,False,False,2300.0
"[127.02327190613819, 37.56658417415583]",오피스텔,23.0,2,19,True,False,개별 난방,False,True,True,False,False,False,False,True,True,False,True,False,True,False,8200.0
"[127.00525643301731, 37.56487445826573]",오피스텔,42.9,7,15,True,True,중앙 난방,True,True,False,False,False,False,False,False,False,False,False,False,False,False,11500.0
"[126.9679315269536, 37.565241430418425]",원룸,26.4,4,19,True,True,개별 난방,False,True,True,True,False,False,True,True,True,True,False,True,False,True,14200.0
"[127.02262869582822, 37.56562563945197]",오피스텔,26.4,9,15,True,True,개별 난방,True,True,True,False,False,True,False,True,True,True,False,False,True,False,7000.0
"[127.0063657333, 37.5655988046]",오피스텔,29.7,9,10,True,True,중앙 난방,True,True,True,False,False,False,False,True,False,True,False,False,True,False,11000.0
"[127.01664336616349, 37.566037489131276]",오피스텔,28.6,10,22,True,True,개별 난방,False,True,True,False,True,True,False,True,True,True,True,True,True,False,10100.0
"[127.0002671171575, 37.563299633404846]",1.5룸,37.0,12,20,True,True,개별 난방,False,True,True,False,False,False,False,True,True,False,True,False,True,True,15200.0
"[127.01244915734785, 37.555975673755604]",아파트,23.1,3,10,True,True,개별 난방,False,True,True,False,False,True,False,True,True,False,True,False,True,False,14000.0
"[127.00345430491531, 37.56094978398048]",원룸,25.7,4,4,True,False,개별 난방,False,True,True,True,True,True,True,True,True,False,True,True,True,False,8500.0
"[127.00181998756223, 37.562023808576484]",원룸,33.0,4,6,False,True,개별 난방,False,False,False,False,False,False,False,False,False,False,False,False,False,False,11000
"[127.010539203, 37.5589960027]",투룸,39.6,1,3,False,False,개별 난방,False,False,False,False,False,False,False,False,False,True,False,False,False,False,7000
"[127.01721778837357, 37.5635182213605]",투룸,39.6,3,5,True,True,개별 난방,False,True,True,False,False,False,False,True,True,True,False,False,True,False,23200.0
"[127.01664336616349, 37.566037489131276]",원룸,28.6,3,22,True,True,개별 난방,False,True,True,False,False,False,False,False,True,False,True,True,True,False,9200.0
"[127.0122734563, 37.5611618318]",1.5룸,19.8,1,3,False,False,개별 난방,False,False,False,False,False,False,False,False,False,True,False,False,True,False,4500
"[127.0220365221354, 37.56880086076568]",쓰리룸,79.2,3,4,True,False,개별 난방,True,False,False,False,False,False,False,True,False,False,False,False,False,False,33000
"[127.02332120759665, 37.56497318349817]",오피스텔,21.4,16,17,True,True,개별 난방,False,True,True,False,False,True,False,True,True,False,True,False,True,False,8200.0
"[127.01664336616349, 37.566037489131276]",오피스텔,24.6,7,22,True,True,개별 난방,False,True,True,False,False,True,True,True,True,False,True,True,True,True,9400.0
"[127.01664336616349, 37.566037489131276]",원룸,35.1,8,22,True,True,개별 난방,False,True,True,False,False,True,False,False,True,False,True,True,True,False,11600.0
"[127.02226295107286, 37.56894137359322]",원룸,16.5,3,5,True,True,개별 난방,False,True,True,True,True,True,False,True,True,False,False,False,True,False,4500.0
"[127.0002671171575, 37.563299633404846]",오피스텔,23.1,8,20,True,True,개별 난방,False,True,True,False,False,True,False,True,True,False,True,False,True,True,8600.0
"[127.02165182889021, 37.56937036112768]",1.5룸,33.0,5,10,True,True,개별 난방,True,True,True,False,False,False,False,True,True,True,False,False,True,False,11200.0
"[127.0130024855, 37.5619510269]",투룸,39.6,3,4,False,False,개별 난방,False,False,False,False,False,False,False,False,False,False,False,False,True,False,7000
"[127.0085466247365, 37.55345683101177]",원룸,23.1,3,5,True,True,개별 난방,False,True,True,False,False,True,False,True,True,False,True,False,True,False,7600.0
"[127.0002671171575, 37.56329963340485]",원룸,23.1,20,20,True,True,개별 난방,False,True,True,True,True,True,True,True,True,True,True,True,True,True,10800.0
"[127.00181105599908, 37.56710903154925]",원룸,19.8,7,13,True,True,개별 난방,False,True,True,False,False,True,False,True,True,True,False,False,False,False,6600.0
"[127.0106068266561, 37.55699578278229]",1.5룸,34.6,2,5,False,False,개별 난방,False,True,True,False,False,True,True,True,True,True,False,False,False,False,11100.0
"[127.0002671171575, 37.563299633404846]",1.5룸,37.0,15,20,True,True,개별 난방,True,True,True,False,False,True,False,True,True,False,True,False,False,True,16200.0
"[127.02262869582822, 37.56562563945197]",오피스텔,26.4,6,15,False,True,개별 난방,True,True,True,False,False,True,False,True,True,False,True,False,True,False,7100.0
"[127.0002671171575, 37.563299633404846]",오피스텔,37.0,12,20,True,True,개별 난방,False,True,True,False,False,True,False,True,True,False,True,False,True,True,23200.0
"[127.0002671171575, 37.563299633404846]",오피스텔,23.1,12,20,True,True,개별 난방,False,True,True,True,False,False,False,False,False,False,False,False,False,False,8800.0
"[127.02332120759665, 37.56497318349817]",오피스텔,21.4,14,17,True,True,개별 난방,True,True,True,False,False,True,False,True,True,False,True,False,True,False,10700.0
"[127.0002671171575, 37.563299633404846]",원룸,23.1,9,20,True,True,개별 난방,False,True,True,False,False,True,False,False,True,False,True,False,True,True,8800.0
"[126.98699326657359, 37.56034364819365]",원룸,6.6,4,5,False,False,중앙 난방,False,True,True,True,True,True,True,True,True,False,True,True,False,False,2535
"[127.01105875668466, 37.55176635006343]",투룸,62.7,4,5,True,False,개별 난방,False,False,False,False,False,False,False,False,False,False,False,False,False,False,12000.0
"[126.9684593819662, 37.55892738848226]",원룸,9.9,2,4,False,False,중앙 난방,False,True,True,True,True,True,True,True,True,False,True,True,False,False,3510
"[127.00839739394867, 37.55482996243095]",원룸,18.2,1,3,True,False,개별 난방,False,True,True,True,True,True,False,True,True,True,False,False,True,False,6800.0
"[127.02026553835462, 37.566451381089834]",원룸,14.8,2,4,False,False,개별 난방,False,True,True,True,True,True,False,True,True,False,True,True,False,False,3937.0
"[126.9885464018, 37.5584156754]",1.5룸,39.6,-1,1,True,False,개별 난방,False,False,False,False,False,False,False,False,True,False,False,False,False,False,5500.0
"[127.01232262187528, 37.55730916326584]",원룸,16.5,0,5,False,False,개별 난방,False,True,True,False,False,True,False,True,True,True,False,False,False,False,4300.0
"[126.96822769418286, 37.56081941992014]",원룸,30.8,4,39,True,True,개별 난방,False,True,True,False,False,True,False,True,True,True,False,False,True,True,10300.0
"[127.0002671171575, 37.563299633404846]",오피스텔,28.0,4,20,True,True,개별 난방,False,True,True,False,False,True,False,True,True,False,True,False,False,True,8700.0
"[127.0123583056, 37.5540835881]",투룸,24.1,4,6,True,True,개별 난방,False,True,True,False,False,False,False,True,False,False,True,False,False,False,11600.0
"[127.0135983820167, 37.552537339307186]",원룸,19.8,3,4,False,False,개별 난방,False,True,True,False,False,False,True,False,True,False,True,False,False,False,4700
"[127.0002671171575, 37.563299633404846]",원룸,23.1,11,20,True,True,개별 난방,False,True,True,False,False,True,False,True,True,False,True,False,True,True,8600.0
"[127.01293762857513, 37.55342399560364]",원룸,24.8,3,5,True,True,개별 난방,False,True,True,False,False,False,False,True,True,False,True,False,True,False,9700.0
"[127.0002671171575, 37.563299633404846]",오피스텔,23.1,13,20,True,True,개별 난방,False,True,True,False,False,True,False,True,True,False,True,False,True,True,9200.0
"[127.00453628595177, 37.56035869343467]",오피스텔,19.8,5,10,True,True,개별 난방,False,True,True,True,True,True,False,True,True,False,True,False,True,False,8000.0
"[127.01226356413592, 37.556051376972626]",원룸,23.1,5,5,True,True,개별 난방,False,True,True,False,False,False,False,True,True,False,True,False,True,False,13000.0
"[127.00954767777114, 37.558372597054]",투룸,52.8,3,4,True,False,개별 난방,True,False,False,False,False,False,False,False,False,True,False,False,True,False,13000.0
"[126.9679496169859, 37.565288287128276]",원룸,36.3,8,15,True,True,중앙 난방,True,True,True,True,True,True,True,True,True,True,True,True,True,True,13800.0
"[127.0013220207541, 37.564272702384436]",오피스텔,19.8,7,14,True,True,개별 난방,False,True,True,False,False,True,False,True,True,True,False,False,True,False,7659.999999999999
"[127.0002671171575, 37.563299633404846]",원룸,23.1,7,20,True,True,개별 난방,False,True,True,False,False,True,False,True,True,False,True,False,True,True,8700.0
"[127.01293762857513, 37.55342399560364]",원룸,26.4,2,5,True,False,개별 난방,False,True,True,False,False,True,False,True,True,True,False,False,True,False,8700.0
"[127.0002671171575, 37.563299633404846]",원룸,23.1,10,20,True,True,개별 난방,False,True,True,False,False,True,False,False,True,False,True,False,True,True,8800.0
"[127.01664336616349, 37.566037489131276]",오피스텔,26.4,13,22,True,True,개별 난방,False,True,True,False,True,True,False,True,True,True,True,True,True,False,9000.0
"[127.001314, 37.564286]",원룸,19.8,10,14,True,True,개별 난방,False,True,True,False,False,True,False,True,True,True,False,False,True,False,7659.999999999999
"[126.96822769418286, 37.56081941992014]",쓰리룸,115.5,23,35,True,True,개별 난방,False,True,True,False,False,True,False,True,True,True,False,False,True,True,72500.0
"[127.02142422409088, 37.56512491033021]",투룸,42.9,2,6,True,True,개별 난방,False,True,True,False,False,False,False,True,False,False,True,False,True,False,25100.0
"[127.0014667848535, 37.55841261785599]",1.5룸,33.06,2,3,False,False,개별 난방,True,True,True,False,False,False,False,True,True,False,True,True,True,False,11500.0
"[126.96891669539376, 37.558754518320654]",원룸,13.2,4,6,True,True,개별 난방,False,True,True,True,True,True,False,True,True,False,False,True,True,False,4010
"[127.0002671171575, 37.563299633404846]",투룸,36.3,13,20,True,True,개별 난방,False,True,True,False,False,True,False,True,True,False,True,False,True,True,15300.0
"[127.01355769472701, 37.55283287135013]",투룸,39.6,1,4,False,False,개별 난방,False,False,False,False,False,False,False,True,False,True,False,False,False,False,7000.0
"[127.00332325861642, 37.56645307364393]",투룸,92.4,7,13,True,True,개별 난방,False,True,False,True,True,True,False,True,True,True,False,True,True,False,9300.0
"[127.0064007608, 37.5516549707]",원룸,26.4,3,4,False,False,개별 난방,False,True,True,False,False,False,False,True,True,True,False,True,True,False,6000
"[127.01062950326255, 37.557287703894765]",원룸,19.8,2,5,False,False,개별 난방,False,True,True,False,False,True,False,True,True,False,True,True,True,False,7000.0
"[127.00950621910125, 37.55274677122919]",원룸,36.3,4,5,True,True,개별 난방,False,True,True,False,False,True,False,True,True,True,False,False,True,False,9500.0
"[127.01884934587882, 37.57020696560901]",원룸,16.5,3,10,False,True,개별 난방,False,True,True,False,False,True,False,False,True,False,True,True,True,False,6600.0
"[127.02327190613819, 37.56658417415583]",오피스텔,22.4,7,19,True,True,개별 난방,False,True,True,False,False,True,False,True,True,False,True,False,True,False,8200.0
"[127.0117388906, 37.5589526417]",투룸,52.8,3,4,False,False,개별 난방,False,False,False,False,False,False,False,False,False,False,False,False,False,False,11800.0
"[127.02117022609144, 37.56351037082897]",투룸,46.2,5,6,True,True,개별 난방,False,True,True,False,False,False,False,True,False,True,False,False,True,False,25600.0
"[127.01026737620631, 37.55755443115307]",투룸,39.6,1,3,False,False,개별 난방,False,False,False,False,False,False,False,False,False,False,False,False,True,False,14000
"[126.96822769418286, 37.56081941992014]",투룸,62.7,26,39,True,True,개별 난방,True,True,True,False,False,True,False,True,True,True,False,False,True,True,19000.0
"[127.02332120759665, 37.56497318349817]",오피스텔,21.4,15,17,True,True,개별 난방,False,True,True,False,False,True,False,True,True,False,True,False,True,False,8500.0
"[127.00692572653992, 37.550227759680574]",투룸,66.0,1,1,False,False,개별 난방,False,False,False,False,False,False,False,False,False,False,False,False,False,False,10000
"[126.97203532625407, 37.56026536912189]",1.5룸,49.5,9,17,True,True,개별 난방,False,True,True,False,False,True,False,True,False,True,False,False,True,True,16100.0
"[127.0121825644746, 37.55903548847969]",원룸,23.1,4,4,False,False,개별 난방,False,True,True,False,False,False,False,False,True,True,False,False,True,False,6800.0
"[126.96822769418286, 37.56081941992014]",투룸,62.7,8,39,True,True,개별 난방,True,True,True,False,False,True,False,True,True,True,False,False,True,True,20000.0
"[127.0172312644, 37.5630569092]",투룸,39.6,3,4,False,False,개별 난방,False,False,False,False,False,False,False,False,False,False,False,False,False,False,10500.0
"[127.00632049224004, 37.56600605721663]",오피스텔,23.1,7,15,True,True,개별 난방,True,True,True,False,False,True,False,True,True,True,False,False,False,False,8700.0
"[127.02327190613819, 37.56658417415583]",오피스텔,15.9,18,19,True,False,개별 난방,False,True,True,False,False,True,False,True,True,False,True,False,True,False,8700.0
"[127.00525643301731, 37.56487445826573]",오피스텔,29.7,13,15,True,True,중앙 난방,False,True,False,False,False,False,False,False,False,False,False,False,False,False,7500.0
"[127.02262869582822, 37.56562563945197]",오피스텔,26.4,6,15,True,False,개별 난방,True,True,True,False,False,True,False,True,True,True,False,True,True,False,7000.0
"[127.00944730875432, 37.55225302900233]",투룸,49.5,-1,4,False,False,개별 난방,False,False,False,False,False,False,False,False,False,False,False,False,False,False,9000
"[127.01721778837357, 37.5635182213605]",1.5룸,33.0,5,5,True,True,개별 난방,False,True,True,False,False,False,False,True,True,True,False,False,True,False,18700.0
"[127.01163563723696, 37.564553247249904]",원룸,7.6,1,1,False,False,개별 난방,False,True,True,False,False,False,False,True,True,False,True,False,False,False,4800.0
"[127.01687385952309, 37.56420663222599]",원룸,33.0,4,8,False,True,개별 난방,False,True,False,False,False,False,False,True,True,False,True,False,True,False,7000.0
"[127.0108055501345, 37.553770193172156]",투룸,52.8,6,7,False,True,개별 난방,False,False,False,False,False,False,False,False,False,False,False,False,False,False,11650.0
"[127.01442219297829, 37.55223090220155]",원룸,23.1,1,3,False,False,개별 난방,False,False,True,False,False,False,False,False,True,True,False,False,False,False,3500
"[127.0171950858, 37.5632335098]",원룸,23.1,1,3,False,False,개별 난방,False,False,False,False,False,False,False,False,False,False,False,False,False,False,4500
"[127.01121793220697, 37.55670740712617]",원룸,19.8,2,3,False,False,개별 난방,False,True,True,False,False,False,False,False,True,False,False,False,False,False,6500.0
"[127.01201560737744, 37.562444877595034]",원룸,23.1,5,5,False,False,개별 난방,False,False,False,False,False,False,False,False,False,False,False,False,False,False,4000
"[127.02097646855644, 37.56679723934871]",투룸,42.9,3,3,False,False,개별 난방,False,False,False,False,False,False,False,True,False,False,False,False,False,False,8200.0
"[127.0002671171575, 37.563299633404846]",원룸,23.1,9,20,True,True,개별 난방,False,True,True,False,False,True,False,True,True,False,True,False,True,True,8600.0
"[127.0123583056, 37.5540835881]",투룸,24.1,3,6,False,True,개별 난방,False,True,True,False,False,False,False,True,False,False,True,False,False,False,23600.0
"[126.98076935479594, 37.5563351629971]",원룸,23.1,2,6,True,False,개별 난방,False,True,True,False,False,True,False,True,True,False,True,False,True,False,8600.0
"[127.02329470578908, 37.567103143287675]",오피스텔,16.3,16,18,True,False,개별 난방,False,True,True,False,False,True,False,True,True,False,True,False,True,False,7600.0
"[126.99721577583257, 37.5597352578677]",투룸,39.6,3,6,True,True,개별 난방,False,True,True,False,False,False,False,True,False,True,False,False,True,False,24700.0
"[127.0121364314, 37.553723212]",1.5룸,36.3,3,3,True,False,개별 난방,False,False,True,False,False,True,False,False,True,True,False,False,False,False,6800.0
"[127.0002671171575, 37.563299633404846]",원룸,23.1,11,20,True,True,개별 난방,False,True,True,False,False,True,False,True,True,False,True,False,True,True,8500.0
"[127.00800360479042, 37.555305716566856]",원룸,23.1,1,1,False,False,개별 난방,False,False,False,False,False,False,False,False,False,False,False,False,False,False,5000
"[127.0105170824, 37.5626612598]",투룸,56.1,4,4,False,False,개별 난방,True,False,False,False,False,False,False,False,False,True,False,False,False,False,16300.0
"[127.00189700356658, 37.564049247460495]",원룸,14.8,13,14,True,True,중앙 난방,False,True,True,True,False,True,False,True,True,False,False,False,False,False,5600.0
"[127.00189700356658, 37.564049247460495]",원룸,26.4,9,14,True,True,중앙 난방,False,True,True,True,False,True,False,False,True,False,True,False,False,False,7900.0
"[127.02142422409088, 37.56512491033021]",투룸,42.9,3,6,True,True,개별 난방,False,True,True,False,False,False,False,True,False,False,True,False,True,False,25600.0
"[127.02165927112605, 37.56379860096396]",원룸,19.8,4,5,True,False,개별 난방,False,True,True,False,True,True,False,True,True,False,True,False,True,False,6400.0
"[127.0119958004, 37.5518563584]",투룸,59.4,3,6,True,True,개별 난방,True,True,False,False,False,False,False,False,True,False,False,False,False,False,11500.0
"[127.01712347885042, 37.566866336747545]",오피스텔,52.8,19,29,True,True,개별 난방,False,True,True,False,False,True,False,True,True,True,False,False,True,False,33500.0
"[127.01458096729523, 37.55396800683972]",투룸,62.7,2,3,False,False,개별 난방,False,False,False,False,False,False,False,False,False,False,False,False,False,False,10000
"[127.0132507916, 37.5580154446]",투룸,39.6,-1,3,False,False,개별 난방,False,False,False,False,False,False,False,False,False,False,False,False,False,False,7050.0
"[127.0145056848, 37.5626031733]",투룸,42.9,2,3,False,False,개별 난방,False,False,True,False,False,False,False,True,False,False,False,False,False,False,7000
"[127.00864166244382, 37.553236980591166]",쓰리룸,59.4,3,5,True,True,개별 난방,False,False,False,False,False,False,False,True,False,True,False,False,False,False,15500.0
"[127.00129476644227, 37.55910098168186]",투룸,39.6,1,5,False,False,개별 난방,False,False,True,False,False,False,False,False,True,False,False,False,False,False,10800.0
"[127.0233347901277, 37.564973180814384]",오피스텔,21.1,4,17,True,True,개별 난방,False,True,True,False,False,True,False,True,True,False,True,False,True,False,8500.0
"[127.0127036183, 37.5615762448]",원룸,18.2,4,5,False,False,개별 난방,False,True,True,False,False,True,False,False,True,True,False,True,False,False,4500
"[127.01664336616349, 37.566037489131276]",원룸,39.6,8,22,True,True,개별 난방,False,True,True,False,False,True,False,True,True,False,True,True,True,False,12700.0
"[127.0219860973, 37.5666925401]",투룸,42.9,3,10,True,True,개별 난방,True,True,True,False,False,False,False,True,True,False,True,False,True,False,24700.0
"[127.00950621910125, 37.55274677122919]",원룸,36.3,4,5,True,True,개별 난방,False,True,True,False,False,True,False,True,True,True,False,False,True,False,9250.0
"[127.01435157595384, 37.56167336363946]",원룸,19.8,2,8,False,True,개별 난방,False,True,True,True,True,True,False,True,True,False,True,True,True,False,7100.0
"[127.01442219297829, 37.55223090220155]",원룸,23.1,1,3,False,False,개별 난방,False,False,False,False,False,False,False,False,False,False,False,False,False,False,5000
"[127.00332325861642, 37.56645307364393]",오피스텔,26.4,10,15,True,True,개별 난방,True,True,True,True,True,True,True,True,True,True,False,True,False,False,8500.0
"[127.0123583056, 37.5540835881]",1.5룸,18.2,3,6,True,True,개별 난방,False,True,True,False,False,False,False,True,False,False,True,False,False,False,9600.0
"[127.00993682316835, 37.55697061314327]",투룸,33.0,3,6,False,True,개별 난방,False,True,True,False,False,False,False,True,True,True,False,False,True,False,20800.0
"[126.99143417148868, 37.56303623200457]",1.5룸,33.0,5,5,False,False,개별 난방,False,True,False,True,True,False,True,False,False,False,True,False,False,True,4700.0
"[127.0127036183, 37.5615762448]",원룸,19.8,4,4,False,False,개별 난방,False,True,True,False,False,False,False,False,True,True,False,False,False,False,4600.0
"[127.0220865944092, 37.569705450906476]",투룸,49.5,1,3,False,False,개별 난방,False,True,False,False,False,True,False,True,False,True,False,False,True,False,10300.0
"[127.0110831639067, 37.56374240372725]",1.5룸,19.8,1,1,False,False,개별 난방,True,True,False,False,False,False,False,False,True,True,False,False,False,False,5500
"[127.00330968043971, 37.56655758955593]",원룸,26.4,3,13,True,True,개별 난방,False,True,True,True,True,True,False,True,True,True,False,True,True,False,8800.0
"[127.02225416578304, 37.56984957870727]",1.5룸,42.9,5,8,True,True,개별 난방,False,True,True,False,False,True,False,True,True,True,False,True,False,False,20000.0
"[127.021438934555, 37.569060457520955]",투룸,52.8,5,5,False,False,개별 난방,True,False,False,False,False,False,False,True,False,False,False,False,False,False,7600.0
"[127.02327190613819, 37.56658417415583]",오피스텔,22.5,14,19,True,False,개별 난방,False,True,True,False,False,True,False,True,True,False,True,False,True,False,8200.0
"[127.0102723075, 37.5604988892]",투룸,33.0,1,2,False,False,개별 난방,True,False,False,False,False,False,False,True,False,False,False,False,False,False,9000
"[127.01664336616349, 37.566037489131276]",오피스텔,26.4,16,22,True,True,개별 난방,False,True,True,False,True,True,True,True,True,True,True,True,True,False,9300.0
"[127.0220865944092, 37.569705450906476]",투룸,49.5,1,4,False,False,개별 난방,True,True,False,False,False,True,False,True,False,True,False,False,True,False,9300.0
"[127.0069166280103, 37.54973761704096]",투룸,29.7,2,2,False,False,개별 난방,False,False,False,False,False,False,False,False,False,False,False,False,False,False,6500
"[127.0002671171575, 37.563299633404846]",오피스텔,23.1,14,20,True,True,개별 난방,False,True,True,False,False,True,False,True,False,False,True,False,True,True,8700.0
"[127.0008420461579, 37.55867931912703]",원룸,13.2,2,5,False,False,개별 난방,False,True,True,False,False,False,False,True,True,False,True,False,True,False,6000.0
"[127.011960851, 37.5597671207]",1.5룸,33.0,2,3,False,False,개별 난방,False,True,False,False,False,False,False,True,False,True,False,False,True,False,11000
"[127.0121825644746, 37.55903548847969]",원룸,23.1,4,4,False,False,개별 난방,False,True,True,False,False,False,False,True,True,False,True,False,True,False,6800.0
"[126.9977680848, 37.5600271926]",투룸,46.2,-1,2,False,False,개별 난방,False,False,True,False,False,True,False,False,True,True,False,False,True,False,9000
"[127.02333962347689, 37.565953463608814]",오피스텔,23.1,7,14,True,True,개별 난방,False,True,True,False,False,True,False,True,True,True,False,False,True,False,7000.0
"[127.0134280731, 37.5620554949]",투룸,33.0,1,2,False,False,개별 난방,False,True,False,False,False,False,False,True,False,False,False,False,False,False,7000
"[127.0057714933, 37.5509342045]",쓰리룸,59.4,3,5,True,False,개별 난방,True,False,False,False,False,False,False,False,False,False,False,False,False,False,16200.0
"[127.00502472236644, 37.55284435477601]",원룸,50.1,2,5,False,False,개별 난방,False,False,True,False,False,False,False,False,True,True,False,False,False,False,3500
"[127.01664336616349, 37.566037489131276]",오피스텔,24.6,9,22,True,False,개별 난방,False,True,True,False,True,True,False,True,True,False,True,True,True,False,9000.0
"[127.0090896423723, 37.55180976598049]",투룸,49.5,-1,3,False,False,개별 난방,False,False,False,False,False,False,False,False,False,False,False,False,False,False,8500
"[127.00979129958591, 37.551935849627895]",1.5룸,33.0,1,2,False,False,개별 난방,False,False,False,False,False,False,False,False,False,False,False,False,False,False,6000
"[127.0085466247365, 37.55345683101177]",원룸,23.1,3,5,True,False,개별 난방,False,True,True,False,True,True,False,True,True,True,False,False,True,False,7600.0
"[127.00979129958591, 37.551935849627895]",1.5룸,33.0,1,2,False,False,개별 난방,False,False,True,False,False,True,False,True,True,True,False,False,True,False,6000
"[127.01664336616349, 37.566037489131276]",오피스텔,29.3,12,22,True,False,개별 난방,False,True,True,False,False,True,True,True,True,False,True,True,True,True,9500.0
"[127.01344064579985, 37.55643687578476]",투룸,46.2,1,2,False,False,개별 난방,False,False,False,False,False,True,False,True,False,True,False,False,True,False,20000
"[127.0177337855379, 37.56297394313231]",투룸,66.0,5,7,True,True,개별 난방,False,False,False,False,False,False,False,False,False,False,False,False,False,False,16000.0
"[127.01087017280459, 37.562354888953145]",원룸,23.1,2,5,True,False,개별 난방,False,True,True,False,True,True,False,True,True,True,False,False,True,False,7500.0
"[127.00454534085259, 37.56036590106156]",원룸,19.8,9,10,True,True,개별 난방,False,True,True,True,True,True,False,True,True,False,True,False,True,False,8000.0
"[127.01884934587882, 37.57020696560901]",원룸,16.5,5,10,False,True,개별 난방,False,True,True,False,False,True,False,True,True,False,True,True,False,False,6600.0
"[127.01882671490684, 37.57023940505359]",원룸,16.5,5,10,False,True,개별 난방,False,True,True,False,True,True,False,False,True,False,True,False,True,False,6600.0
"[126.99308186543006, 37.56603485558155]",원룸,9.9,4,6,False,True,중앙 난방,False,True,True,True,True,True,True,True,True,False,True,True,False,False,3010
"[126.96998769910715, 37.563558910036356]",오피스텔,42.9,3,22,True,True,개별 난방,False,True,True,False,False,True,False,True,True,True,False,False,True,False,27400.0
"[127.00332325861642, 37.56645307364393]",1.5룸,35.6,5,13,True,True,개별 난방,False,True,False,True,True,True,True,True,True,False,True,True,True,False,11500.0
"[127.01211386665334, 37.55415208928928]",원룸,13.2,5,5,True,False,개별 난방,False,True,True,False,True,True,False,True,True,False,True,False,False,False,6500.0
"[126.98163835340583, 37.55708132721611]",원룸,9.9,2,5,True,False,중앙 난방,False,False,False,False,False,False,False,False,False,False,False,False,False,False,3010
"[127.0012766987143, 37.56149763364056]",원룸,23.14,5,5,False,True,개별 난방,True,False,False,False,False,True,False,True,False,False,True,False,True,False,9000
"[126.99081853532076, 37.5623081805318]",원룸,6.6,2,5,False,False,중앙 난방,False,True,True,True,True,True,True,True,True,False,True,True,False,False,1510.0
"[127.0002671171575, 37.563299633404846]",오피스텔,23.1,9,20,True,True,개별 난방,False,True,True,False,False,True,False,True,True,False,True,False,False,True,8700.0
"[127.00922090509806, 37.55171244799652]",원룸,33.0,1,4,False,False,개별 난방,False,True,True,False,False,False,False,True,True,True,False,False,True,False,7300.0
"[127.01344064579985, 37.55643687578476]",투룸,39.6,1,2,False,False,개별 난방,False,False,False,False,False,True,False,True,False,True,False,False,True,False,17000
"[127.00940312, 37.5608377365]",쓰리룸,82.5,2,4,True,False,개별 난방,False,False,False,False,False,False,False,False,False,False,False,False,False,False,18200.0
"[127.02327190613819, 37.56658417415583]",오피스텔,23.1,18,20,True,False,개별 난방,False,True,True,False,False,True,False,True,True,False,True,False,True,False,8200.0
"[127.00146678485348, 37.55841261785599]",1.5룸,39.6,3,3,False,False,개별 난방,False,True,True,False,False,False,False,True,True,False,True,True,True,False,15100.0
"[126.96822769418286, 37.56081941992014]",투룸,62.7,26,39,True,True,개별 난방,False,True,True,False,False,True,False,True,True,True,False,False,True,True,18600.0
"[127.01664336616349, 37.566037489131276]",오피스텔,24.6,8,22,True,True,개별 난방,False,True,True,False,False,True,False,True,True,False,True,True,True,True,8200.0
"[127.00113633477682, 37.56033715118567]",원룸,26.4,2,5,False,True,개별 난방,False,True,True,False,False,False,False,True,True,False,True,False,True,False,8500.0
"[127.01171527484914, 37.55269251283086]",원룸,36.3,4,7,True,True,개별 난방,False,True,True,False,False,True,True,True,True,True,False,False,True,False,10600.0
"[126.9787214089, 37.5624796114]",원룸,18.1,1,6,False,False,중앙 난방,False,True,True,True,True,True,True,True,True,False,True,True,True,False,7600.0
"[127.01414180887508, 37.55367974093098]",투룸,39.6,2,4,True,False,개별 난방,False,False,True,False,False,False,False,True,False,True,False,False,True,False,12250.0
"[126.96822769418286, 37.56081941992014]",오피스텔,29.7,4,39,True,True,개별 난방,False,True,True,False,False,True,False,True,True,True,False,False,True,False,15300.0
"[127.00632049224004, 37.56600605721663]",오피스텔,39.6,10,15,True,True,개별 난방,True,True,True,False,False,True,False,True,True,True,False,False,False,False,15000.0
"[127.0221496346, 37.5685269369]",1.5룸,39.6,3,4,False,False,개별 난방,True,False,False,False,False,False,False,True,False,False,False,False,False,False,7000
"[126.96673392316691, 37.560314450269075]",원룸,19.8,2,6,True,True,개별 난방,False,True,True,False,False,True,False,True,True,True,False,False,True,False,10500.0
"[127.00950621910125, 37.55274677122919]",원룸,42.9,5,5,True,True,개별 난방,False,True,True,False,False,True,False,True,True,True,False,False,True,False,9300.0
"[127.01244483955436, 37.55723346666884]",원룸,19.8,1,5,False,False,개별 난방,False,True,True,True,False,True,False,True,True,True,False,False,True,False,5500.0
"[127.00138982626272, 37.55853875839246]",쓰리룸,56.1,2,4,False,False,개별 난방,False,False,False,False,False,False,False,False,False,False,False,False,True,False,17500.0
"[127.02090035393137, 37.56985703410676]",오피스텔,23.1,7,12,True,True,개별 난방,True,True,True,False,False,True,False,True,True,False,True,False,True,False,7600.0
"[126.99712989503774, 37.55619253458476]",쓰리룸,72.7,1,1,True,False,개별 난방,True,False,False,False,False,False,False,False,False,False,False,False,False,False,13000
"[126.9853275518, 37.5587829261]",원룸,19.8,2,2,False,False,개별 난방,False,True,True,True,False,False,True,True,True,True,False,False,True,False,10400.0
"[127.02655831347258, 37.56479230044844]",투룸,52.8,1,5,False,False,개별 난방,False,False,False,False,False,False,False,False,False,False,False,False,False,False,11000
"[127.00632049224004, 37.56600605721663]",원룸,19.8,5,14,True,True,개별 난방,False,True,True,False,False,True,False,True,True,True,False,False,False,False,7500.0
"[126.9670028176, 37.5562600385]",아파트,82.5,11,15,True,True,개별 난방,False,False,False,False,False,True,False,True,False,True,False,False,True,False,55500.0
"[126.98042520285047, 37.556720733358155]",투룸,69.4,2,3,False,False,개별 난방,True,False,False,False,False,False,False,False,False,False,False,False,False,False,18000
"[127.01267513635644, 37.553795235216896]",1.5룸,23.1,-1,5,True,False,개별 난방,False,True,True,False,False,True,False,True,True,True,False,False,True,False,6000.0
"[127.00223648198273, 37.56134985589701]",원룸,49.5,4,5,False,True,개별 난방,False,True,False,False,False,False,False,True,False,True,False,False,False,False,11000
"[127.0229673172, 37.5625477707]",쓰리룸,59.4,1,3,False,False,개별 난방,False,False,False,False,False,False,False,False,False,False,False,False,False,False,9000
"[127.00181105599908, 37.56710903154925]",오피스텔,19.8,5,15,True,True,개별 난방,True,True,True,False,False,True,False,True,True,True,False,False,False,False,7300.0
"[127.0113592593, 37.5632270075]",원룸,26.4,4,5,True,False,개별 난방,False,True,True,False,False,False,True,True,True,False,True,False,True,False,8500.0
"[127.0169050338, 37.5619144927]",원룸,33.0,2,2,True,False,개별 난방,False,False,False,False,False,False,False,False,False,False,False,False,False,False,7000
"[127.00245831630386, 37.56125975181158]",원룸,16.5,7,7,False,True,개별 난방,False,True,True,True,True,True,False,True,True,False,True,False,True,False,7200.0
"[127.02332610707121, 37.56616610133666]",오피스텔,26.4,9,15,True,True,개별 난방,True,True,True,False,False,True,False,True,True,True,False,True,True,False,7000.0
"[127.02262869582822, 37.56562563945197]",오피스텔,23.1,9,15,True,True,개별 난방,False,True,True,False,False,True,False,True,True,True,False,True,True,False,7000.0
"[127.0100777231, 37.5611440197]",투룸,49.5,2,4,False,False,개별 난방,False,False,False,False,False,False,False,False,False,False,False,False,False,False,8000
"[127.01881529960373, 37.560858235612656]",원룸,23.1,4,5,False,False,개별 난방,False,True,True,False,False,True,False,True,True,False,True,False,True,False,7600.0
"[127.00862018463954, 37.56327409111475]",쓰리룸,59.4,2,5,False,False,개별 난방,False,False,False,False,False,False,False,True,False,True,False,False,False,False,22000.0
"[127.01265695587861, 37.55336275816292]",원룸,29.7,2,5,True,True,개별 난방,False,True,True,False,False,True,False,True,True,True,False,False,True,False,9700.0
"[127.0117388906, 37.5589526417]",투룸,49.5,3,4,False,False,개별 난방,True,False,False,False,False,False,False,False,False,False,False,False,False,False,13300.0
"[127.01975683390081, 37.56034271161977]",투룸,42.9,1,3,False,False,개별 난방,False,False,False,False,False,False,False,False,False,False,False,False,False,False,7000
